year,flag_iso3,vessels_n,fishing_h,fishing_kwh,length_m_mean,length_m_min,length_m_max,tonnage_gt_mean,tonnage_gt_min,tonnage_gt_max,engine_power_kw_mean,engine_power_kw_min,engine_power_kw_max
2016,AFG,1,11.124722222222221,4783.44775440646,21.58954863695,21.58954863695,21.58954863695,124.416357315575,124.416357315575,124.416357315575,429.98356802574995,429.98356802574995,429.98356802574995
2016,AGO,10,37307.59222222238,18573005.34258635,32.30860082383009,29.14334067995714,35.01911954724285,299.81006274952057,209.59460367418572,358.3082794996714,510.171672297692,411.54169931292853,580.8159210239
2016,ALB,2,2253.055833333335,593513.6553956568,20.223330733702,19.735961666483334,20.954384334529998,72.096569599464,50.97024614061,86.1807852387,264.758425633624,248.56880536701,275.55150581136667
2016,ARG,248,474006.4030555576,481370668.25345004,44.8707420235701,23.543121079475,87.22977505193572,595.7275731820804,47.304398072525004,3767.638782541315,1078.175447208022,343.81322687703334,3808.438365701315
2016,AUS,116,120240.9555555556,56174843.91915483,26.41146053214738,13.451963878883333,68.1,261.2711187958841,16,2794.428360575625,544.7255367232556,160.24903117454286,3775.6666666666665
2016,BEL,73,156287.54916666658,95950114.15313551,29.83011772828383,12.764620889,51.3503171225,225.04177817049734,10.6517401447,612.9173246424,653.6151568651394,142,1601.8745980979415
2016,BGR,34,13853.698055555556,3391022.9944960386,20.120476499356542,13.85,27.2,52.99184027983585,15.79,117.36,238.04305406529394,105,661.7
2016,BHR,52,2625.994166666667,847171.3612307098,23.897965426651023,11.5804177653,33.097191433925,72.54956782666167,22.07883258515,184.18135128,367.5608569042638,224.63006287514997,878.4291800729501
2016,BLZ,14,10280.584722222196,20888996.54482174,76.06981736741002,27.41,110.37955117944617,2860.0652802173286,86,9074.259315962821,3266.156792253705,484.29882216222,8914.55905583715
2016,BRA,38,30765.57944444444,10243679.424236031,23.17624848141941,17.27010290002,36.995467489475004,121.02133916009431,47.30505725296,362.6461249366,340.6861083796927,200.0309142267857,689.5068283394
2016,CAN,423,228521.38138888907,278040567.41611826,23.81864417461561,9.5176964243,72.44904360269999,242.03448548532288,3.9122955468,3542.0663165835,509.30373980544607,66.17952581951667,3716.0496535740413
2016,CHL,72,67428.83666666776,138461313.35178822,54.589211216618764,27.59904188205,97.62,1222.3818170710122,100.21496593124999,4991,2171.8513694753406,491.12022121556925,5587.23
2016,CHN,22533,11915494.473055556,4191806946.0286374,26.440448973285793,8.7895337465,120.7,186.35626121844595,4.7279877948,9088.246952994585,316.7665224934966,48.116597782,5920
2016,CIV,2,5597.021944444438,4264142.081646969,50.4675,43.519999999999996,55.43,666.6666666666666,536,760,1055.3594235877597,745.7,1276.5447261504453
2016,CMR,2,2859.737777777777,994612.3264587988,37.985663482065334,28.485395656433337,44.319175365819994,403.9116342266312,283.3816154261778,484.26498009360006,545.4184183669176,327.6196308979889,690.6176100128702
2016,COK,7,16377.478611111084,7930326.73203296,41.260035849447476,22.847311827966664,65,415.0793055243725,65.5906122025,1418,830.1357352045324,283.5,2134
2016,COL,11,19197.751388888853,50747602.94629906,62.14810856702564,40.845,77.65466666666666,1322.2966316410193,990,1771,2590.7268180587753,1044.4,3715.08
2016,COM,8,13213.262499999968,45570674.3606355,64.37073859518127,31.4648930259875,94.1547686021,1568.026611585254,240.3360628953875,2940.6967416541,2621.363456785352,477.04405532662497,5621.70574981135
2016,CPV,3,1092.7686111111116,5058420.43018601,84.71666666666667,76.7,87,2407.6666666666665,1902,2548,4323.680474820203,2882.9332384515333,4671.862355601434
2016,CUW,7,1771.1319444444448,6477816.219546257,108.36947916666666,70.25,246.27000000000004,2492.7916666666665,1897,4164,4059.684404583688,2982.8,5891.0300000000025
2016,CYM,1,6.250277777777779,6532.676027945508,21.004218178549998,21.004218178549998,21.004218178549998,52.662655072975,52.662655072975,52.662655072975,1045.18171195075,1045.18171195075,1045.18171195075
2016,CYP,27,47912.31805555547,61124333.53065998,33.551923660587654,13.795,64.025,596.4115250251283,17.78,2058,845.6892508425037,71.62,3474.47415949875
2016,DEU,237,222293.82416666666,183133014.02669454,31.547136420569093,9.287371025337501,140.8,705.2850328934014,9.139229437175,9082,837.6133005297911,66.5,8702.004
2016,DMA,1,2002.3058333333124,9377202.59393388,97.47297236673333,97.47297236673333,97.47297236673333,4344.960878146867,4344.960878146867,4344.960878146867,4683.201955379267,4683.201955379267,4683.201955379267
2016,DNK,459,512407.6994444445,379866317.35905445,26.121236293731126,8.260511166987499,87.8,337.02787637898365,3.3,3720,679.7588070934178,50,6000
2016,DZA,2,43.55583333333333,38556.10779166667,32.7625,30.35,40,168.75,157,204,838.9125,671.13,894.84
2016,ECU,20,15663.783611111094,33954648.326633155,70.64618327820641,40.75902729334,115.78999999999999,1788.9921300047342,379,4401,2861.882724151964,735.556,5740.289076897956
2016,EGY,1,36.60055555555555,18183.802029584986,23.400508995066666,23.400508995066666,23.400508995066666,196.09729043656668,196.09729043656668,196.09729043656668,496.81765081363335,496.81765081363335,496.81765081363335
2016,ESP,1585,2008898.1161111146,822893444.620123,27.30838884606917,9.97157840495,115.53,227.71863071676714,1.81,4406,422.251247264638,18.474166666666665,62521.29600000001
2016,EST,31,42303.35888888907,80197270.57080448,35.32435185185185,16,73.8,576.9074074074074,35,2350,991.1765868631,216,5094.5
2016,FIN,46,70647.88083333333,53096509.258029066,29.012524782114998,10.136179822633334,41.09,235.77121080686297,9.2146732126,526,722.4304085261665,102.80882575540001,1600
2016,FJI,37,121583.32416666688,48472641.79314145,33.95452332407293,17.8,42.6,172.22538196845673,101,269,386.06918181343553,187,759.0468960000001
2016,FLK,15,43081.92111111088,90087024.58631153,67.87025121882891,49.062634721799995,81.83532854839999,1903.9268416950279,873.368459810957,3662.5743157505285,2137.4523936539817,1271.1164479081929,3119.536516991471
2016,FRA,939,1586128.8544444442,735619189.5135776,23.386813958721334,7.5,90.56,219.45127539230225,2.03,3188,532.024724189662,40,4000
2016,FRO,97,278454.06000000035,354327037.7421828,44.66155651167329,8.860658920999999,93.53457010854444,1005.8736569323245,6.64939699104,4714.445870278056,1836.5652866603639,71.01672777356,7624.715116835633
2016,FSM,32,75945.06277777777,69759768.59844838,58.446664818886376,21.36,79.61,1076.8077229621272,94,1893,1994.3772911015276,190.23810869575001,3357
2016,GBR,1045,1208223.8063888887,495591113.67622036,22.05559255894507,5.61,86.06,204.89371530035345,1.45819189245,4290,512.2715448004897,13.15,7680
2016,GEO,2,132.2086111111111,242898.17929535103,46.01610211480167,38.07925279072,53.95295143888333,498.5224190481133,381.45670715516,615.5881309410665,1250.1859884549542,647.5668442412,1852.8051326687084
2016,GHA,21,33396.691388888874,27602352.034474533,49.9228665766261,21.406460506825,72.53,692.8121952510076,93.8245689619,1664,1228.436651263089,234.53481922292502,2734.323764253843
2016,GIN,1,3246.340833333343,6955399.66064985,65.81128130211249,65.81128130211249,65.81128130211249,2140.8655626310624,2140.8655626310624,2140.8655626310624,2142.5352474490624,2142.5352474490624,2142.5352474490624
2016,GNQ,3,11016.452222222237,11619131.879765207,46.91749443961429,17.5674610773,57.78,535.9012467420905,41.308727194633335,680,862.0114302843856,133.49673926370002,1108.5559999999998
2016,GRC,302,292407.39222222235,83179162.04209858,23.845523112382313,11.802499999999998,46.3395297732,90.41039020594671,10,667.4622393326,268.9187185821378,35,1062.7240732926
2016,GRL,23,38628.30277777787,45779377.810369365,33.153571279694894,16.98360238597143,63.14700351524,467.23714112371465,40.4732686795,1683.0960845478335,1069.1837656201735,200.0277248551143,4785.27857748724
2016,GTM,4,583.2297222222226,1750531.6248375007,78.91764705882353,77.3,79.8,2128.764705882353,2109,2165,3076.758058823529,2632.321,3579.36
2016,HKG,6,1934.3255555555552,701649.0031794256,30.37129980329938,13.3295956667,41.2194100697,242.63282890276727,18.9725131748,404.67104757870004,335.0901081833574,154.2467687997,496.65638894306664
2016,HND,4,10905.296388889165,10551348.209012056,45.34677456007134,19.646144684844444,57.1,577.0114348527627,87.3855331861111,716,887.988833923442,347.54687347630005,1044.4
2016,HRV,212,250092.69027777773,111517618.79763311,23.56727836505618,15.56,63.85,117.3656401937013,19,2427,412.33652051190484,81,3320.6632504038334
2016,IDN,4,3777.2205555555815,1111231.4161327584,27.551018915556412,21.219201674333334,30.019000723900003,135.6407223633564,74.5657242678,225.52177763699999,393.80621466250767,225.38763222543335,689.8257010677333
2016,IND,7,3668.908333333332,1532174.5116107564,33.93619087235783,20.390357349911113,54.7,321.3494178349096,41.293670271325,680,612.7697535062399,157.77583049513333,1383.7999699082
2016,IRL,219,313856.6247222222,138390326.72508943,27.066399435788817,9.65,127.60000000000001,258.9945176625422,5.1,1988,585.4944854783814,50,3840
2016,IRN,21,17720.260277777776,12262338.903070448,41.14184730075265,22.576950666633333,95.72142857,564.9617772397733,124.04294159054999,3296,707.6301551271916,333.887407108875,1989.7017452101002
2016,ISL,904,575759.613333333,686718222.4189442,21.29746158721152,6.15,105,337.42951744540886,2.34763304704,7682,820.0819216853504,20.4,9610.19297978954
2016,ISR,15,22933.503611111108,4506839.347625658,18.57346574591387,12.38861812895,21.435715717075002,44.43880561070594,21.405001061525,65.88115655527272,226.44325583568863,147.70511383252855,390.673550993675
2016,ITA,1409,2083172.877777778,632286510.0515404,22.04538301502485,9.9,81.21625,82.47099728374154,4,2137,322.08478465894456,59,3690
2016,JPN,757,1333112.2619444518,938004188.5875237,39.53187966431071,9.647537782833334,77.69999999999999,323.77400369283805,5.393083272811111,1884,785.1301278583428,71.81186320696666,2942
2016,KEN,1,545.9227777777778,182137.64715658443,23.5080369735,23.5080369735,23.5080369735,163.66235905046,163.66235905046,163.66235905046,333.63262089556,333.63262089556,333.63262089556
2016,KHM,1,2336.614166666659,3431499.3183092037,61.14345733735,61.14345733735,61.14345733735,905.3042799909699,905.3042799909699,905.3042799909699,1468.5776399295198,1468.5776399295198,1468.5776399295198
2016,KIR,14,20163.92277777777,41540374.00201554,66.1054440515626,23.79,79.9,1480.7878551111796,151.42380144572,2338,2529.929776245593,820,3304.5
2016,KNA,6,4567.566944444446,5543622.054122237,70.83985978479711,54.340703023820005,117.59971336803333,2626.9421657818634,832.39710209643,7001.999956786267,2395.0879720170124,884.63543754717,5039.3959538414665
2016,KOR,929,1058596.166944448,923560253.4151934,41.24571296082702,9.92375688504,117.03,494.17419081827364,8.274398227459999,7765,973.7102318801914,84.73610015735,5995
2016,LBR,2,4602.72944444442,13405389.280441353,63.44083333333333,62.85666666666666,64.025,1921.5,1899,1944,2865.6313338138502,2308.029753097129,3423.2329145305716
2016,LBY,7,791.2333333333335,609740.9352148292,31.773812912226315,24.46314191865,39.27,176.5200768757671,119.90638003236666,253.79041860889998,633.078431185771,399.74789922816666,1012.4795086152
2016,LKA,3,840.3855555555557,203434.1361800896,20.19259107071111,19.3254876359,20.7407367189,37.05322587905555,27.9109895006,54.494854974266666,269.39981425966664,188.608263462,341.1643874466
2016,LTU,35,36483.42722222215,52942484.171304256,37.45579608977374,11.349070270819999,138.33666666666667,913.6419290983637,14.29417704526,9499,1079.5040014430215,132,9910.367
2016,LVA,68,73976.60638888911,48464542.703750335,29.502266139657443,17.56,103.7,286.49407114624506,27,4378,456.09683794466406,110,3861
2016,MAR,48,133762.50416666665,76650447.486923,39.1646644081251,25.179977301327277,55.387425774166665,400.725110250837,120.69285203628334,853.9718467148072,668.9184690111621,244.63340403117772,1266.474509
2016,MDV,3,3917.3811111111113,4591826.134259802,54.93090909090909,52.185,56.5,637.7272727272727,520,705,1164.973896536747,1110.4209405300749,1257.3376899279501
2016,MEX,33,47925.728333333325,148244353.2021724,70.04237688306962,13.76423948965,80.92,1552.6085356876492,10.884738346999999,2042,3092.9669936103774,132.2123732938,4476
2016,MHL,12,21246.857222222225,38160318.69711593,65.19175095353839,23.882071803925,75.22999999999999,1190.9789500352458,63.4610232877,2109,2289.105092599833,336,3606.42375
2016,MLT,38,20552.429999999997,6180686.13180925,21.822947165210774,11.1,35,91.64960252374232,9.266666666666667,332.36533636483995,314.92517022968985,86.64500000000001,600
2016,MNG,2,57.13805555555555,13780.584313596619,17.645115906759997,14.7384254475,20.55180636602,33.80533614537,18.1748014056,49.43587088514,216.65356266074002,188.124133913,245.18299140848
2016,MOZ,15,24015.526111111452,13963863.643486919,28.878193787613164,23.3,33.76325639826,238.58304692903482,108.54933344220001,406,532.5736924092803,341.65687178384997,784.2355761588428
2016,MRT,4,8412.03638888889,5037969.475537545,37.88506755360941,33.15313372618,41.6871985221,308.6043831470381,222.124452062,404.22756350951107,602.3428204201172,496.71909535932,793.4169536939222
2016,MUS,19,13793.610277777769,7771123.096634576,32.98935233715028,15.8,86.3666666675,465.7823503377112,25,2667,977.0197735181754,188.31364137455,3765.412945995682
2016,MYS,51,59429.26333333337,25834586.95963719,23.711098602622975,18.06862199485,30.7718691417,84.91894035166729,36.9914512659,271.47568466455,361.64603278853474,150.9682108706,726.1780680659
2016,NAM,36,88305.93916666688,155239039.649127,49.96080528103197,21.114629628785714,120.47,1274.099889367056,111.68363503197142,7765,1769.7240938539837,313.40062953638,9202.82287122685
2016,NCL,16,41572.06083333335,15185611.788426265,24.068764446419657,18,34.81888001777692,103.19106921873076,67,163,417.2292321307188,331,848.8630891764692
2016,NGA,3,3764.3572222222174,4756472.224564598,38.969023403585034,30.906646232814285,51.33422977563334,294.16481316494895,141.28045030367144,496.63459527640003,1003.2625334167735,655.6127203939001,1267.6950736094998
2016,NIC,1,1715.6688888888903,4448444.478611001,64.77228089769999,64.77228089769999,64.77228089769999,1304.0163352603927,1304.0163352603927,1304.0163352603927,2592.833913012157,2592.833913012157,2592.833913012157
2016,NLD,424,610140.0177777776,348308028.946669,30.753014152834847,9.02,144.6,480.62615725792904,2,14055,771.9822045327467,91.36991004602,10851.67
2016,NOR,1708,897679.0658333334,1162414109.9268322,30.11551624508121,7.7435270968,133.88,618.1347293459248,4.21915211706,9623,1127.4724252000992,33.5485996308,6000
2016,NRU,1,1174.4427777777778,625535.5718899742,29.694786329,29.694786329,29.694786329,163.93508484346668,163.93508484346668,163.93508484346668,532.6232863158999,532.6232863158999,532.6232863158999
2016,NZL,74,157802.82722222424,242605560.6675652,40.74458970288045,14.05,104.5,872.6478299492486,9,4407,1332.6027614224668,151,5981.218433529809
2016,OMN,1,1280.17361111111,961634.7980909382,49.49,49.49,49.49,665,665,665,751.1753013376833,751.1753013376833,751.1753013376833
2016,PAN,21,8744.857499999996,16779704.306099825,77.07764128091229,26.7,255.39,1321.782837809006,168,2749,2404.852376742352,480.4204214667375,4038.77809786555
2016,PER,64,23065.256666666675,28415541.685402676,44.19735054214335,29.525602923688886,97.25999429960768,640.0106006700064,206.76592310636667,3841.9176042963,1284.8248782479104,483.75888205253335,6210
2016,PHL,15,13998.000277777768,36371649.08592899,67.0633789954338,54.92666666666667,71.79,1103.5684931506848,720,2012,2491.384950203482,1888.23861,3376.675333333333
2016,PNG,23,38022.03055555553,99850459.40105559,72.30084272765944,56.81292412552,89.21,1528.2644620930328,952.52707839514,2389.5,2656.982197245649,1117.9738534855799,3340.3340000000003
2016,POL,151,105201.8083333333,56221014.87523881,25.920645557067818,11.388892422716665,120.42,323.1798340365231,9.750219617183333,7765,571.9254186694482,132.80077385766668,5962.277
2016,PRT,403,593727.6647222225,236770885.75722814,24.886812473282912,8.95,84.94,190.68048239906696,4.03,2820,404.61898412951433,44.74,2880
2016,PYF,2,7138.47555555557,3457397.7990000066,23.169999999999998,20.5,24.95,129.2,98,150,537.12,335.7,671.4
2016,QAT,34,25291.84972222222,5052039.140920309,20.195410031408425,12.14268768315714,29.207388395049996,70.8313107794857,17.4046898553,187.26573172439998,215.81172114725078,117.05402401394285,350.58782195087497
2016,REU,7,2388.1755555555465,1897136.7866666627,65.93619047619048,24,89,1735.3650793650793,165.5,2677.6666666666665,2737.4761904761904,441,4000
2016,ROU,4,1656.3325,1382530.2520278262,42.13863748069792,14.95,54.031819969116675,726.8277889774637,32.08,1108.5084623639418,1118.099959557693,210,1558.1399352923086
2016,RUS,559,1321830.7800000007,2954799641.7089286,66.52671502300538,11.82839586745,122.5,2032.1234592456372,13.83940874156,8210,2388.249300196205,110.80165949986001,7829.85
2016,SEN,17,44839.87861111109,28301701.8533372,35.23434039732112,17.2721462496,77.55,443.90355412076605,90.47373248254,2107,842.8997767997532,237.81188641873334,3243.795
2016,SHN,1,2141.56222222219,2998187.1111110663,50.685,50.685,50.685,1352,1352,1352,1400,1400,1400
2016,SLB,3,4574.685833333334,12109193.400833335,70.83461538461539,70.8,70.9,1408,1408,1408,2647,2647,2647
2016,SLV,5,2340.5113888888886,8671981.716646573,78.16735632183908,76.78,91.9,2064.7586206896553,1902,3005,3364.458649425287,2993.2163333333333,4940.4175000000005
2016,SOM,1,3625.728611111098,2549041.2521061697,35.738944057800005,35.738944057800005,35.738944057800005,347.81574304146,347.81574304146,347.81574304146,703.04248483866,703.04248483866,703.04248483866
2016,SPM,1,730.2094444444446,229452.34022194444,20.154979991184614,20.154979991184614,20.154979991184614,141.85956497764616,141.85956497764616,141.85956497764616,314.22811902483073,314.22811902483073,314.22811902483073
2016,SVN,4,3446.4327777777785,505915.6043030917,15.392026541448484,12.32,17.9,20.977833092054546,7.48,33.93,141.89935216239394,119.20143689316667,184
2016,SWE,212,153052.0488888889,71618897.65045704,22.504149455383867,8.23656965755,61.75,186.14399244437442,3.71,1424,614.2873485378815,26.47,4800
2016,SYC,32,78066.7597222222,67646120.94136009,47.83124454942409,29.482,88.65,518.7643135447296,164.2902561557,2788,1052.1581113420043,390.9700427852334,4136.495518522214
2016,TCA,1,83.37138888888889,40644.60200852753,24.1340417611,24.1340417611,24.1340417611,134.96925551583334,134.96925551583334,134.96925551583334,487.51259335136666,487.51259335136666,487.51259335136666
2016,TGO,1,1100.0069444444446,810284.016526449,33.34623308676,33.34623308676,33.34623308676,286.00152587253996,286.00152587253996,286.00152587253996,736.6171828448599,736.6171828448599,736.6171828448599
2016,THA,10,3319.6691666666666,998972.6237719214,31.336938607711176,14.2237441249,62.53,248.1502832534499,15.114788728528572,1276,501.89567407328303,101.74243879125,1398.3652549797
2016,TON,1,157.0672222222222,197346.33739083965,43.0882710985,43.0882710985,43.0882710985,363.1122340845,363.1122340845,363.1122340845,1256.4450723629,1256.4450723629,1256.4450723629
2016,TUN,1,10.411944444444446,8062.289128293297,27.276606838533333,27.276606838533333,27.276606838533333,145.94702506183333,145.94702506183333,145.94702506183333,774.3307862726,774.3307862726,774.3307862726
2016,TUR,574,195018.84166666665,61658279.95643315,30.38448867305432,13.0701979505,62,166.91825420979825,8,694,425.5732976334854,124.227408674,2328.0754
2016,TWN,983,1914908.4555555591,1478652752.8381855,39.451806913968355,11.30363137505,82.18,388.2041251345604,9.522417435633335,1720,901.0187557347319,84.44977822950999,3560.5
2016,TZA,1,1554.8891666666664,868075.4794122884,31.0707067012,31.0707067012,31.0707067012,100.3016785646,100.3016785646,100.3016785646,558.2876889375,558.2876889375,558.2876889375
2016,UKR,9,14694.14888888884,25320648.910550624,58.24461511431745,25.70547923021429,103,1925.2687999642396,183.7465672486857,6393,1770.4736632279287,331.1578429229857,5202
2016,UNK,150,83397.03083333332,39125030.165169396,28.303864957673056,10.527829221433334,120,336.557189797497,11.4429970288,7765,570.2138739746048,69.41656187635,5296
2016,URY,40,96764.74611111108,49107764.938440606,28.654571738500582,22.366057102000003,51.23104820811667,213.8786303436971,109.46654644127857,946,487.8504199823569,223.4621733934,1079.6980193811996
2016,USA,1748,1137739.8352777772,654783027.7663794,30.364773563073527,9,127.79,316.625298078458,3.05,5413,592.9453750551396,0.8983089973153846,3916.5
2016,VCT,4,9823.751666666749,48834332.204318725,76.29559456725106,17.441459639842858,120.99493107600833,3243.76570579265,25.394206018785717,7126.930362416583,4277.7767797648,648.7388507338858,11352.777436279457
2016,VEN,11,7812.1972222222175,17390821.585537508,64.223180293673,32.115,85.93333333333332,1164.77816180754,198,2860,2729.638096301241,894.84,5827.141953333334
2016,VGB,1,7.866111111111111,2355.9895666065604,25.23027719975,25.23027719975,25.23027719975,82.41682080635,82.41682080635,82.41682080635,299.51135107647497,299.51135107647497,299.51135107647497
2016,VUT,58,237119.53000000102,218830293.30820778,49.67914675591331,23.560000000000002,105,835.5240327514547,68,7805,1225.2034863050628,261.1,5888
2016,ZAF,211,327895.9916666677,241590759.9954844,29.026633896708514,12.2,68.02290563335714,269.03492351693643,21.44969960985,2335.4857976054286,537.2575833458624,137.1398205369778,3461.5365104494144
2016,NA,163,31288.626666666667,0,NaN,Inf,-Inf,NaN,Inf,-Inf,NaN,Inf,-Inf
2017,AFG,3,617.0250000000002,297475.08092456294,22.3240101683,20.710708422525,25.0390042111,92.42757542450357,63.2010693742,124.416357315575,461.5294134253285,429.98356802574995,489.98522890425
2017,AGO,13,33434.75916666674,17627279.548824526,32.08840429976884,23.630706041366665,38.59051720783334,287.57472874993243,111.99892844343334,443.6208698107333,553.5393582050755,446.23540688966665,818.1109858399667
2017,AIA,1,17.249722222222236,28598.171024747204,48.4120802224,48.4120802224,48.4120802224,858.7073403216333,858.7073403216333,858.7073403216333,1657.8916840704335,1657.8916840704335,1657.8916840704335
2017,ALB,9,6053.579444444445,2856044.523575787,29.038594318044666,19.735961666483334,70.1742427192,143.420503333381,26.825574877050002,579.8732697097,540.1059442499793,248.56880536701,1559.2246691297
2017,ARG,147,190260.05166666693,168081877.6997377,40.38998942437951,15.3959742644,75.364709234175,398.79074905629744,31.8416030398,1651.0327815454,931.8867669692552,173.1498079532,3035.3973309169996
2017,AUS,146,163349.41138888884,75992371.7021805,25.74279664515722,13.451963878883333,54.58,194.58118295104606,14.219733441866666,1362,456.3774269368796,160.24903117454286,1200
2017,BEL,69,128552.82305555553,76329123.96335356,29.018448164647577,14.893611941149999,40.11194854103846,209.76885103539354,6.3759215199,514.1604485683333,624.1960078666403,103.24026220085,1601.8745980979415
2017,BGR,43,20194.082777777778,4658585.561035974,19.33529008194831,13.85,27.2,47.03661453639868,14,117.36,220.41265186388586,73.55,661.7
2017,BHR,65,15281.682777777778,5747749.93484376,26.472429683694557,11.6940042646,33.097191433925,79.10993533265592,6.53444040225,184.18135128,382.6159248634559,146.4203605372,570.3757389701001
2017,BLZ,12,6204.6086111111,16092597.086760543,78.69019628360242,35.196489644211105,110.37955117944617,2752.035511089731,258.40519227736,9074.259315962821,3489.4641542162058,484.29882216222,8914.55905583715
2017,BRA,79,84619.73773337556,29368896.706975907,22.96316114669436,15.5852174399,36.995467489475004,120.66604372894044,29.67438794845,362.6461249366,338.62684204215606,165.9536680145,689.5068283394
2017,CAN,536,240904.57805555587,177349133.45895687,21.38042985834135,9.6019433783,72.44904360269999,155.17200530589872,5.387755109483333,3295.3478198133603,371.5764639296344,66.17952581951667,4089.4106885657666
2017,CHL,16,11694.249166666656,18151729.097422946,46.329433482689026,33.00026166997692,57.16,785.1876085114648,266.4502678669154,1197,1403.9458813829274,491.12022121556925,2504.47
2017,CHN,31386,13933262.561332125,4531759094.434143,25.48835706076184,8.0129061857,120.7,171.53695741300393,2.7677285008,7847,304.25885502097793,24.2400138394,5300
2017,CIV,1,792.1338888888889,1011194.3382661539,55.43,55.43,55.43,760,760,760,1276.5447261504453,1276.5447261504453,1276.5447261504453
2017,CMR,2,1961.7225000000003,892349.451517276,39.04124879602444,28.485395656433337,44.319175365819994,417.3038585377926,283.3816154261778,484.26498009360006,569.6182836412431,327.6196308979889,690.6176100128702
2017,COG,1,23.292222222222225,8185.507052427554,18.6414060213,18.6414060213,18.6414060213,53.9492497437,53.9492497437,53.9492497437,351.4266253487,351.4266253487,351.4266253487
2017,COK,9,11004.575833333203,4205721.896708344,42.616111071241455,22.1,80.01259597065001,832.2088104195261,70,3373.7965675875503,914.7280855712825,283.5,2254.7252562163
2017,COL,11,16337.275277777764,39487736.254572794,61.209289394608696,40.845,71.32,1285.9548879420217,990,1619,2534.5871002143363,1044.4,3715.08
2017,COM,11,13596.556388888866,53344508.881711334,65.52014004213041,31.4648930259875,101.27064204015,1603.589674358918,240.3360628953875,4088.8471853302,2589.2757554935006,477.04405532662497,5621.70574981135
2017,CPV,1,10.294444444444446,8975.651975726838,37.3743921092125,37.3743921092125,37.3743921092125,555.1294347517625,555.1294347517625,555.1294347517625,871.892798505575,871.892798505575,871.892798505575
2017,CUB,1,3471.9655555555364,7770258.91333329,80.3,80.3,80.3,1920,1920,1920,2238,2238,2238
2017,CUW,6,3143.9255555555583,12845316.55818643,84.30613636363636,70.25,107.685,2595.0454545454545,1897,4164,4305.292690830189,2982.8,7768.3820284874755
2017,CYM,3,11.028333333333332,13117.285424177351,20.822573110655714,19.8377714365,21.004218178549998,53.17798367167595,44.57968813908,80.51885606556667,1132.4294612723213,1014.5547458016999,1747.7968556489
2017,CYP,30,52359.000065201435,55273281.22426072,30.776812773944915,12,64.025,516.4258439012948,9.29,2058,830.8928583095587,71.62,3474.47415949875
2017,DEU,185,140769.50944444432,91837331.65547808,29.286081631084834,9.287371025337501,125.53,459.412848848042,5.823594861875,7646,682.3455086457379,79.5346238676,6000
2017,DJI,3,2288.2405555555533,3366946.5626762896,66.4477554683,60.6270748701,70.6152759479,1527.0500307535333,1399.5639946404,1773.2932345844,1450.8790033343334,1291.9814458676,1706.5544156475
2017,DMA,1,1.7463888888888888,1939.2334902351795,58.2926179682,58.2926179682,58.2926179682,4035.0287558178,4035.0287558178,4035.0287558178,1110.4247757033,1110.4247757033,1110.4247757033
2017,DNK,444,457453.7905555559,230076781.09079853,24.98185066138043,7.894679296625,87.8,302.8342422480489,3.3,3720,651.2827612318525,47,6000
2017,DZA,5,466.2241666666666,358124.7656694444,31.367105263157896,25.1,40,177.3684210526316,95,260,753.5494736842105,671.13,894.84
2017,ECU,22,12606.398888888898,28725835.428433757,63.3599468963952,16.5750589287,115.78999999999999,1417.213952929252,11.867390343899999,4401,2307.5715151623335,292.36854200700003,5740.289076897956
2017,ESP,1623,1859248.872222223,608770878.5751483,26.501002726839847,8.6,115.53,208.01456906640186,1.81,4406,378.1808480257534,18.474166666666665,23415.766666666663
2017,EST,25,32315.598055555576,17331634.49573335,27.341666666666665,16,73.8,189.48958333333334,35,1602,355.06458333333336,220,1472
2017,FIN,40,51783.08555555555,42050181.26135029,29.360066731375348,15.2,41.09,247.30948534635058,31,526,736.0123263637926,220,1500
2017,FJI,44,172435.65833333356,69758177.93115549,35.24491948578232,17.8,42.6,177.58482352130636,101,269,410.5460989019335,187,759.0468960000001
2017,FLK,4,8437.797222222183,18314624.536761753,70.41860284886191,60.090670434,81.10947461845714,2741.918882598762,1644.1385283963216,4037.3386488252995,2353.6702448033093,1942.030057121364,3062.970622989178
2017,FRA,957,1636287.5416666672,690522023.9475402,22.333473558661,7.5,90.56,188.90362645494272,2.03,3188,496.4885862162909,40,4000
2017,FRO,87,247872.35055555578,301012917.0458758,44.32113397441118,8.860658920999999,93.53457010854444,947.2646379386341,6.64939699104,4714.445870278056,1742.5928595272808,71.01672777356,5764.401629390713
2017,FSM,35,85818.48833333357,96297880.63768536,60.345397368646296,21.36,79.61,1176.1601428710069,94,1893,2143.8441595260715,190.23810869575001,3357
2017,GBR,1061,1168060.9852777785,466545236.4420695,22.342003592926204,5.61,113.97,235.10653093950344,1.2008986876,5579,562.6563859511141,13.15,7680
2017,GEO,16,1148.8466666666666,489648.3456686892,20.550871792336668,12.698813512366666,53.95295143888333,110.50391738659646,18.173524454800003,615.5881309410665,331.4673272324849,117.38354455143333,1852.8051326687084
2017,GHA,23,23942.30527777778,33227489.791004278,52.90444066054624,20.4970912079,72.53,724.8420599412983,94.2034127274,1664,1422.7115006236631,249.25765460101428,2734.323764253843
2017,GNB,3,4874.896944444436,15177347.197573997,62.22666666666667,62.2,62.25,1933.6666666666667,1895,1948,3334.0775103943565,2645.1590857959,4410.29598196805
2017,GNQ,4,7952.4763888889665,8359640.634759967,39.72863021791515,16.622505121233335,57.78,448.96395279669696,41.308727194633335,680,706.5077007719697,133.49673926370002,1108.5559999999998
2017,GRC,344,326369.5933333334,92164871.57098125,23.434656806877335,11.802499999999998,46.3395297732,84.57643882245691,10,667.4622393326,258.7136922899647,35,1062.7240732926
2017,GRL,9,3293.249999999988,2384824.107900508,35.84139408481002,16.98360238597143,76.09840399545,479.8323389809121,40.4732686795,1460.4666804367798,1331.035008634933,200.0277248551143,4785.27857748724
2017,GTM,4,2084.0805555555576,6701521.915277785,78.85172413793103,77.3,79.8,2130.2413793103447,2109,2165,3229.703689655172,2632.321,3579.36
2017,HKG,9,3436.861388888889,1047173.1080000992,32.92320539102271,11.062598903725,48.9734943725,650.4257642387116,8.430424627825,2302.3275160544,362.8263209752245,104.0801476634,524.3204696855
2017,HND,4,7028.352222222447,6816700.033972278,34.309681865622736,18.419374687650002,54.85,404.2925729756915,58.3885383355,711,683.9997226215296,259.071192605275,1044.4
2017,HRV,204,227273.74333333332,84017200.62620562,23.12419751222104,12.5549556401,39.975,99.35109682018671,18.427710379366665,385,388.6324540999518,81,1258.845
2017,IDN,10,6471.980833333328,2775754.441615884,28.897333643782222,21.219201674333334,39.10458140055,172.87708073671536,74.5657242678,455.6001247758,401.2349168339978,218.42165360644,703.0825369199
2017,IND,60,30438.681666666667,13702350.043532383,25.6797151465478,15.934238791350001,60.83518793555,189.79444536193907,41.293670271325,948.2865232638,424.50122664734505,157.77583049513333,1565.3037653406002
2017,IRL,224,284641.19499999995,119987538.34008405,26.857238047259287,7.37635502095,127.60000000000001,260.0946060236698,3.87,1988,587.9279133802062,29.55,3840
2017,IRN,33,25440.649444444447,15846602.13637064,42.46291007490591,22.576950666633333,95.72142857,653.564051656641,124.04294159054999,3296,745.8536447697244,371.1049318157667,1989.7017452101002
2017,ISL,555,282277.38750000065,374207091.7836445,24.76609997270316,6.45,105,499.8987133955003,2.64,7682,1118.0749677587132,20.4,9610.19297978954
2017,ISR,15,25172.203611111105,4750835.291784312,18.808308852913733,16.2106026396,21.435715717075002,45.964573129251505,26.70258067725,65.88115655527272,192.23840734139654,147.70511383252855,356.139544958925
2017,ITA,1465,2188679.2269444447,646572413.9759942,22.027129377182597,11.815000000000001,81.21625,80.61726596056897,8,2137,317.5357485405481,59,3690
2017,JPN,1108,1303942.5444444458,812183845.4751345,33.75282531125034,9.2600601472,77.69999999999999,244.8960283006801,2.7245599129749998,1884,663.8741904297525,78.62373775036667,2942
2017,KEN,1,357.57416666666666,119298.4063895458,23.5080369735,23.5080369735,23.5080369735,163.66235905046,163.66235905046,163.66235905046,333.63262089556,333.63262089556,333.63262089556
2017,KIR,12,19575.293055555503,39822612.48585036,65.02555959501962,23.79,79.9,1480.7327422801893,151.42380144572,2338,2550.4624537940495,820,3304.5
2017,KNA,9,1887.5499999999993,3172402.9881297713,65.69227742719535,13.633708162657143,90.7792349995,2468.494259142046,20.546714604357142,5268.23781799875,2246.9738390382954,211.45770138712857,3954.3153050209603
2017,KOR,1404,1245323.621111119,843167929.2590216,34.81205713950179,8.4403280319,107.505,333.8537077943793,2.3427029406,5549,738.7003433298064,86.78142386632,4191
2017,LBR,3,9477.923888888872,26997825.966385186,57.66290262096191,21.8269850134,64.025,1660.7419485389,51.1936397723,1944,2655.5140479375204,279.6071712461,3423.2329145305716
2017,LBY,10,1105.3983333333333,613075.3872800142,32.812378927809,24.46314191865,39.27,191.19965742493767,119.90638003236666,276,618.4608218978767,296.9834673337,1012.4795086152
2017,LKA,16,10706.604722222222,3984102.665511606,22.743706790493086,16.44987240285,27.6956927068,62.22467520314397,41.15665291453333,106.6328506899,368.81539781574577,160.79643048715002,484.46764951143336
2017,LSO,2,145.1425,34996.00572751866,20.8239709721875,20.3641658275,22.20338640625,39.788967369225,35.714593175,52.0120899519,236.2808956093,192.8490150906,366.5765371654
2017,LTU,31,31277.799166666788,70527193.4676717,35.64758985804309,11.349070270819999,138.33666666666667,688.692300394715,14.29417704526,9499,897.768894852583,132,9910.367
2017,LVA,58,43007.77972222223,12074587.721805558,27.106468085106382,17.56,103.7,229.27659574468086,27,4378,408.8595744680851,147,3861
2017,MAR,48,143567.59055555557,75613226.73739043,39.03872324096829,25.179977301327277,57.98226056406667,403.5579588709059,120.69285203628334,799.287037900325,641.4302102128877,244.63340403117772,1266.474509
2017,MDV,2,913.1952777777777,1094833.0452245888,52.185,52.185,52.185,520,520,520,1198.5709901688,1110.4209405300749,1257.3376899279501
2017,MEX,31,39281.67777777767,118975283.06547178,70.71008785516804,20.96167359918,80.92,1567.4894396422892,70.60159227152,2042,3152.3088713019465,196.37030731124,4476
2017,MHL,10,17756.097222222237,33880793.28734551,67.5663287922375,29.595,75.22999999999999,1230.816853320329,172.95126918187142,2109,2356.273229166703,336,3606.42375
2017,MLT,35,19938.83777777778,5770505.725305903,21.477113698913602,13.516666666666667,35,82.51368776872926,14,300,323.29796621744447,117.41438969921667,600
2017,MNG,1,17.2311111111111,4535.1480859378125,34.7943634656,34.7943634656,34.7943634656,378.2700607654,378.2700607654,378.2700607654,263.1953364292,263.1953364292,263.1953364292
2017,MOZ,6,16138.670277777735,10154587.182323903,31.372916781946685,26.952386503742858,33.15709683318571,281.6439797575424,214.78331334053334,406,609.579958001621,367.4905491256667,784.2355761588428
2017,MRT,4,7625.982499999992,4775595.855769496,34.241229683582226,22.213480887133333,41.32481576165556,278.47698636968886,126.52161912986666,404.22756350951107,576.3338061114771,423.6297691146667,793.4169536939222
2017,MUS,22,28535.660833333335,13507175.478718365,28.14256844547736,12.34,86.3666666675,288.2951680474553,14.5,2667,660.5496538195034,197.21327024274,3765.412945995682
2017,MYS,85,68148.08083333331,28624197.745569248,22.46642066113585,14.06138922445,41.4462604552,86.65473860429145,11.503060121299999,329.5510914837,366.258451345534,147.22700042645,1095.9972725153
2017,NAM,32,61685.86333333331,108513716.43633318,53.48192836806999,20.262580902750003,120.47,1568.556209287069,46.46235730595,7765,2184.6878478776293,222.11237774494998,9202.82287122685
2017,NCL,15,39863.14333333337,14198198.433439348,23.25504000130075,18,34.81888001777692,99.89655777818855,67,136,396.52656750071725,331,848.8630891764692
2017,NGA,5,4731.833888888949,4973733.196322178,41.41536359312953,24.89503057576667,63.8404407787,408.02634178319926,114.99538555193332,1026.113410785825,998.6859864599948,636.8538770033666,1267.6950736094998
2017,NIC,1,2.5713888888888885,6330.245166666666,78.35,78.35,78.35,2024,2024,2024,2461.8,2461.8,2461.8
2017,NLD,393,536555.959166667,391521968.7259182,34.954242711443726,9.02,144.6,705.056293457113,2,14055,979.6548348734735,76,10851.67
2017,NOR,1786,648423.7188888891,525567330.48853785,22.32921843448298,7.390693473075,99.5,334.7497597975928,2.7744704228,5500,688.3756161253029,32.472285524,6000
2017,NRU,2,3312.5080555555555,1937398.9895042097,31.649654790699998,29.694786329,33.6045232524,197.87317403865,163.93508484346668,231.81126323383336,614.0683414087166,532.6232863158999,695.5133965015333
2017,NZL,84,187207.4066666706,285603540.49505043,38.88630683251563,14.05,104.5,805.0348602559865,9,4407,1240.646730492858,151,5981.218433529809
2017,PAN,20,8640.19583333333,14889653.566188045,84.24348443570524,25.556250718500003,255.39,1414.6145806789004,125.58102329923332,2749,2317.1764031055445,480.4204214667375,4038.77809786555
2017,PER,61,18099.876944444444,21460921.4000789,43.63455527805986,19.582645596349998,97.25999429960768,617.8167152855937,84.4201043361,3841.9176042963,1279.8928066807275,232.37248292495,6210
2017,PHL,22,16969.68527777777,42724600.46009344,66.68472300724646,54.92666666666667,71.79,1099.16875,632,2012,2449.8014605746043,1879.1054565225,3376.675333333333
2017,PNG,28,41650.54972222227,105258357.12566777,72.57903061735524,28.008140783574998,89.21,1517.8181864681972,70.28301868265,2389.5,2672.5906459082576,1021.17318412385,3340.3340000000003
2017,POL,149,108807.07194444447,49280645.53525636,24.31745083916356,11.388892422716665,105,227.90405072441715,9.750219617183333,7682,512.7013233228708,96.575096531475,5962.277
2017,PRK,1,6.348888888888888,6704.35211663767,58.125689166222216,58.125689166222216,58.125689166222216,712.0769544212333,712.0769544212333,712.0769544212333,1055.9882577833223,1055.9882577833223,1055.9882577833223
2017,PRT,375,550172.6230555559,200008175.44761565,23.849775449371105,8.95,80.35,165.97805760095045,4.03,2820,377.26585889551546,44.74,2880
2017,PSE,1,1625.9822222222228,430620.0777607582,20.3514625936,20.3514625936,20.3514625936,92.605406654125,92.605406654125,92.605406654125,264.8368917418,264.8368917418,264.8368917418
2017,PYF,3,8158.1783333333615,4458100.189252717,25.720577610942858,20.5,32.0970216383,150.00886314514284,98,202.03102100799998,552.6528002859524,335.7,671.4
2017,QAT,24,21562.117222222223,4267723.631616918,19.290776266063464,10.7180952745,25.871506191949997,64.39607015968376,17.4046898553,100.30189766573332,210.39470817514584,85.057128895,375.3709515561333
2017,REU,4,318.745,1229359.6666666667,88.30142857142857,84.11,89,2624.1309523809523,2319,2677.6666666666665,3828.5714285714284,3800,4000
2017,ROU,4,1547.9702777777766,1015894.0868594004,44.53727397838167,14.95,54.031819969116675,801.9639236547592,32.08,1108.5084623639418,1183.947954704616,210,1558.1399352923086
2017,RUS,614,1557117.2952777823,3454674674.4082227,63.26735799229778,9.916774652966668,122.5,1809.892378693018,8.5382745721,8210,2153.7539494317716,72.9930873099,7829.85
2017,SAU,1,24.070277777777775,9906.695463561222,15.487036965675001,15.487036965675001,15.487036965675001,64.356468218575,64.356468218575,64.356468218575,411.5737905072,411.5737905072,411.5737905072
2017,SEN,14,31725.58027777776,17468194.96809796,39.18434478155878,19.746643651866666,77.55,592.3893470013354,107.42273059703334,2107,1061.158950009463,356.1949635279,3243.795
2017,SGP,8,1379.469722222222,291826.3347886317,16.17634309811574,11.20397839165,23.022469678866667,47.02769898853333,5.78858357995,147.161540037,220.08665860946482,117.6985299274,352.97330990895
2017,SHN,1,1250.4724999999887,1750661.4999999842,50.685,50.685,50.685,1352,1352,1352,1400,1400,1400
2017,SLB,3,2687.447500000002,7113673.532500005,70.84,70.8,70.9,1408,1408,1408,2647,2647,2647
2017,SLE,1,8.032222222222222,13177.17918163828,71.1519827641,71.1519827641,71.1519827641,4635.4486340503,4635.4486340503,4635.4486340503,1640.5396684845,1640.5396684845,1640.5396684845
2017,SLV,6,2825.863611111114,9102228.128403172,75.52104182211984,42.2068077319,91.9,1919.4255993757977,356.95839126116664,3005,3328.1276764575628,1027.2501926281,4940.4175000000005
2017,SOM,1,230.79638888888923,424203.7627777784,55.8,55.8,55.8,703,703,703,1838,1838,1838
2017,SPM,3,552.5738888888889,181786.48817898924,26.852652446137608,19.0523160581,35.5004089981,179.6164372745094,56.630845040266664,248.11970762993332,475.311375599284,253.6078509627667,691.8205133328667
2017,SVN,5,3647.470833333333,523938.2700762817,15.482343502255356,12.32,17.9,20.59623388147857,7.48,33.93,137.6131071009393,114.5162079233,184
2017,SWE,198,120984.7344444445,55754827.213997595,21.41345770075521,8.0715768967,61.75,169.3449336235203,3.1764390224,1211,560.9929583848347,26.47,3000
2017,SYC,30,56727.09555555556,47587388.10697281,49.77272405716162,20.823641078375,94.79,714.6677230560335,55.7096268545,3870,1276.3548592766037,286.622852237075,4176.65730690234
2017,TCA,1,426.7766666666668,208058.99954851848,24.1340417611,24.1340417611,24.1340417611,134.96925551583334,134.96925551583334,134.96925551583334,487.51259335136666,487.51259335136666,487.51259335136666
2017,TGO,2,542.9524999999999,430507.28841902205,46.41068307689,33.34623308676,72.53958305715,819.2670736511932,286.00152587253996,1885.7981692084998,982.6947884369066,736.6171828448599,1474.849999621
2017,THA,12,4979.3066666666655,3221085.583348088,30.81976567749772,14.2237441249,75.1919397233,777.618198164949,15.114788728528572,3886.4415616614,504.56212301129887,103.5790371319,1626.6881458205
2017,TUN,3,928.767777777778,443349.3952639531,26.055219123172222,23.261902903133333,27.276606838533333,121.34781378112777,108.100065099975,148.79145418423332,513.827051951513,395.3146494045333,774.3307862726
2017,TUR,545,216940.34083333335,64639263.99552479,29.704962440895923,12.214544704,62,159.5539156879847,8,789,416.7373206057336,107.6193335349,2328.0754
2017,TUV,2,25.923888888888904,55626.50487467862,66.06593996248333,53.24781988745,72.475,1467.8434197271167,1294.5,1814.5302591813502,2358.390334213272,1754.76993597315,2660.200533333333
2017,TWN,1205,1946938.748055557,1437663548.0545819,35.19253509217706,8.69516136255,75.7,312.3745858476947,7.232637687833334,1484,781.4253157252793,52.22,3560.5
2017,UKR,5,6018.8527777777945,3304117.22849052,43.00472215392006,25.70547923021429,56.7,715.1911423267138,183.7465672486857,943,703.5808793003226,331.1578429229857,1030
2017,UNK,313,228931.42377546924,108080552.63487382,27.392979691571778,11.145619884255556,120,226.35305041082222,7.54577325915,7765,502.9340352689386,69.41656187635,5296
2017,URY,37,94896.8672222223,49905636.5886008,30.59785591840472,22.366057102000003,57.1407728034,278.666576278971,109.46654644127857,1876.8429513756,537.4491438935366,327.82594712013577,1524.0896147027124
2017,USA,2202,1490311.9441666668,795499760.8151765,29.339888961745753,8.8375,166,280.8138573693125,2.44,5413,586.0978258257156,0.8983089973153846,3916.5
2017,VCT,4,9014.076666666651,40093533.71888069,62.10791319723244,17.441459639842858,120.99493107600833,2034.1308158095233,25.394206018785717,7126.930362416583,3378.3027282828293,648.7388507338858,11352.777436279457
2017,VEN,15,10563.300555555561,24221857.338889875,65.71045294696223,32.115,85.93333333333332,1305.449861002048,198,2860,2932.2875035543884,894.84,5827.141953333334
2017,VGB,2,67.8797222222222,30310.819852791104,23.083376674991666,18.789575625475,25.23027719975,86.108306934875,82.41682080635,93.491279191925,520.3623486824832,299.51135107647497,962.0643438944999
2017,VNM,3,444.9458333333334,125138.70752228328,18.65830104562222,15.770905051,25.3619833226,99.15026520544444,40.1917858812,264.6977173653,274.4234691561111,228.4401873816,315.8595525485
2017,VUT,55,230643.99111111104,192974771.16630733,47.43864171898368,23.560000000000002,85.41499999999999,522.2870297811437,38.7435966404,2386,994.389345221553,261.1,3308.751
2017,WLF,1,51.68749999999996,12693.219673273297,18.0083540123,18.0083540123,18.0083540123,59.5983783354,59.5983783354,59.5983783354,245.5761968227,245.5761968227,245.5761968227
2017,WSM,2,154.77305555555554,73149.35974986164,40.284117820616665,31.2966566937,85.2214234552,537.7376081702666,189.07130817945,2281.06910812435,1032.1953160273417,307.89615983839997,4653.69109697205
2017,ZAF,156,158112.86222222232,93310710.37336302,26.490066411079113,12.2,60.059347210971424,215.21436650699854,17.0059304921,1601.5362080663667,463.95365271531773,150.34216826001665,1807.9003221301427
2017,NA,198,29405.6025,0,NaN,Inf,-Inf,NaN,Inf,-Inf,NaN,Inf,-Inf
2018,AFG,3,665.9208333333348,329629.33568411897,27.9807287171875,20.710708422525,36.7258568867,67.16368004815,52.9356671394,73.6709086382,674.0708978128375,480.392366045775,924.4653094851
2018,AGO,28,75728.38111111155,41966511.01474728,33.89418649021196,22.6532171231,60.72674856600001,514.9088367477872,87.20105232290001,2638.8155210092,644.885722635557,247.3697019666,1702.4535396689
2018,AIA,1,424.3516666666662,703529.0992880944,48.4120802224,48.4120802224,48.4120802224,858.7073403216333,858.7073403216333,858.7073403216333,1657.8916840704335,1657.8916840704335,1657.8916840704335
2018,ALB,22,20768.97472222222,7891677.34173402,22.742833121178453,15.5860536006,48.48962795436667,116.38563885628965,26.825574877050002,579.8732697097,365.0359134752492,120.6236653507,915.0064310830667
2018,ARG,299,484739.9363888913,446319075.5691433,41.24687418434874,15.436427681900001,87.22977505193572,463.20650003077867,29.8456828485,3767.638782541315,936.2636347254597,192.71332915166667,3808.438365701315
2018,ATF,1,352.1122222222223,361699.61902392,56.0546514272,56.0546514272,56.0546514272,837.3289298596,837.3289298596,837.3289298596,1027.228242011,1027.228242011,1027.228242011
2018,AUS,196,216820.75583333327,102399252.1231,25.185233208458527,12.0519398292,50.73798071043636,178.9919562893568,8.612968672,1362,449.3906290138126,64.632192073,1229.3676269388002
2018,BEL,73,143286.4425,89679429.04554728,29.33677175265937,15.1425344393,40.11194854103846,215.59335264015562,3.6594321311,431.92752848142305,632.9586319378121,142,1200
2018,BGR,54,24226.143333333333,5524053.279631206,18.673137758411094,10.3,27.2,43.83755320326317,6.57,117.36,214.49784783943343,58.82,661.7
2018,BHR,126,49606.58833333334,16232061.89729717,22.021024417638458,8.8589537513,32.732340944040004,63.89700880286584,2.7955889313,305.4775055793,343.93622567396613,90.6182991377,686.15733045655
2018,BLZ,17,18588.389166666606,39404762.79475146,70.86941745152731,20.4101195005,110.37955117944617,2561.967996728356,62.31610683893333,9074.259315962821,2999.744020705019,269.2412744656,8914.55905583715
2018,BOL,1,63.2919444444445,16967.915723531736,19.5447144134,19.5447144134,19.5447144134,32.8636997682,32.8636997682,32.8636997682,268.0896577356,268.0896577356,268.0896577356
2018,BRA,113,177026.66305555555,64544462.04850501,23.497511403301466,15.5852174399,39.1723777603,130.15110123471382,20.378567007450002,397.815803858,363.01533820682687,187.77851269184998,775.4694662499
2018,CAN,641,358209.3763888903,313110638.52420956,22.48342300234054,9.2647713195,72.77754664765,204.18403365827493,4.1773113741,4010.54851857435,447.485588717376,66.17952581951667,4089.4106885657666
2018,CHL,58,44933.061111110954,78947645.38074072,50.820640488360674,14.89,75.975,1034.2346230842413,31,2140,1912.4614526763203,130.49076855635,5495.07
2018,CHN,33098,14982790.226666668,5100980117.297724,25.72902842069729,8.0129061857,109.6,181.1381018972822,2.4870073545,9088.246952994585,308.9297447646183,19.8937110111,5296
2018,CIV,2,5528.152499999967,4317445.566193259,49.474999999999994,43.519999999999996,55.43,648,536,760,1011.1223630752227,745.7,1276.5447261504453
2018,CMR,2,4507.351666666666,1613631.7261827665,41.68021208092222,28.485395656433337,44.319175365819994,450.78441931569637,283.3816154261778,484.26498009360006,630.1179468270566,327.6196308979889,690.6176100128702
2018,COG,1,2.533333333333333,610.4071046241401,21.04471095125,21.04471095125,21.04471095125,39.247925372750004,39.247925372750004,39.247925372750004,240.95017287795002,240.95017287795002,240.95017287795002
2018,COK,13,39953.366388889175,17828678.47877775,28.673857494660318,22.1,65,188.17238137237462,70,1418,551.2595655612282,283.5,2134
2018,COL,12,15355.301666666652,38315696.77897627,62.26136188508121,40.845,77.65466666666666,1310.5562687902946,990,1771,2504.015535416348,1044.4,3715.08
2018,COM,3,1810.8083333333348,1126647.2187136514,40.90014042993572,31.4648930259875,56.4414109056,345.32305842310717,240.3360628953875,857.9171573802,679.9612565985143,477.04405532662497,1095.5324512823
2018,CPV,1,152.4630555555556,70267.91785867105,16.9405666799,16.9405666799,16.9405666799,28.95116007085,28.95116007085,28.95116007085,460.8848852112,460.8848852112,460.8848852112
2018,CUW,10,6320.097777777784,22819728.259489942,99.58256622639338,38,246.27000000000004,2339.3261739570808,393,4164,3975.7619387658083,948.40164222975,11493.383329891849
2018,CXR,1,354.49388888888916,145464.93672381458,25.7961758799,25.7961758799,25.7961758799,295.7311429766,295.7311429766,295.7311429766,410.3454002543,410.3454002543,410.3454002543
2018,CYM,1,15.083888888888886,15303.43105736775,20.96919526748,20.96919526748,20.96919526748,44.57968813908,44.57968813908,44.57968813908,1014.5547458016999,1014.5547458016999,1014.5547458016999
2018,CYP,29,35937.66277777842,41555760.967875436,27.973499102467994,12,64.025,428.80829646891306,9.29,2058,684.7892012975258,71.62,3474.47415949875
2018,DEU,240,201398.6430555559,162726764.97147366,30.304920930192694,9.579959249875,140.8,628.9970749686886,5.823594861875,9082,770.7909789980351,79.5346238676,8702.004
2018,DJI,2,1260.9333333333332,494084.8982734666,18.5058730407,18.4483366628,18.5634094186,62.44576528735,55.9900313954,68.9014991793,419.36783300825,317.630745425,521.1049205915
2018,DNK,474,587908.2002777787,378339886.2460549,26.426214063095266,7.9153152571,90.45,367.035610313561,2.0597018518,4673,730.5743257395347,50,7700
2018,DZA,6,599.0936111111112,440304.1788781667,30.765625,25.1,40,187.04166666666666,95,312,762.9753833333333,671.13,953.0046
2018,ECU,34,14492.521388888857,23413491.602119885,57.269686891919314,11.9086170335,115.78999999999999,1211.9528168418344,11.867390343899999,4401,2049.1553942700907,138.2512082638,4875.7
2018,EGY,1,181.23361111111106,110279.05750533332,29,29,29,168,168,168,608.4912,608.4912,608.4912
2018,ESP,1647,2056805.821111114,767980496.9540896,27.09587888620626,8.6,115.53,229.1067523095057,1.81,4406,443.2431246650024,17.6122034115,62521.29600000001
2018,EST,27,33751.97499999999,17931861.747118745,29.013643657704502,16,73.8,238.80939883517837,35,1602,381.9806347945766,216,1472
2018,FIN,39,45237.50638888889,38585609.26227484,30.845002007405014,11.802090686349999,41.09,276.69735411309534,14.38627290885,526,801.0483913250397,220,1600
2018,FJI,45,177060.75388888942,68270744.58868931,34.52404411216458,24.265,42.6,175.82997988276068,101,264,381.32272974625556,206.0628125,759.0468960000001
2018,FLK,11,27474.123333332944,61381677.88414363,71.71203951426537,62.7483646451,101.7865602871,2139.112327590293,1537.2380292215569,4293.9960915969,2370.9571545796052,1762.2784822451429,4631.6837203333
2018,FRA,1035,1686988.686666667,760927735.6220163,22.906932453668936,7.21,90.56,209.7897890163542,2.03,3188,516.5848295843825,38.2393871699,4000
2018,FRO,97,271344.8069444448,336181201.24476504,45.813206754859785,8.860658920999999,93.53457010854444,1036.0660583247193,4.1173029537,4714.445870278056,1965.4204816888634,71.01672777356,7624.715116835633
2018,FSM,34,65632.46444444494,75796151.99958579,59.33248235800051,21.36,79.61,1118.857618786781,94,1893,2102.203860440523,190.23810869575001,3357
2018,GBR,1119,1368964.554166668,559012984.9793638,22.16331726969624,5.85,113.97,221.73249500054956,1.18,5579,533.3189602398859,18.3,9606.0910841377
2018,GEO,21,3892.807777777777,1924297.7718800819,57.15313688469136,12.698813512366666,104.5,2007.8742952233474,18.173524454800003,4407,2105.624241737604,117.38354455143333,9116.3479103719
2018,GHA,31,32803.607500000006,44665230.10122828,53.64105270494769,15.2879304232,72.53,747.3603185137439,47.6632100469,1664,1477.0978265696253,146.8086473562,2704.0225233371198
2018,GIN,2,4580.2038888888555,3443803.639909117,56.198916474624994,39.095434145149994,73.3023988041,776.4705412342,409.6906452942,1143.2504371742,1259.511362210475,720.2649340154501,1798.7577904055
2018,GMB,3,1716.8630555555555,306340.39387390215,18.81672727431,18.5785121731,19.0906324894,76.22245297911999,66.880539745,91.2967195695,191.88399173189,162.5877725457,220.0849052483
2018,GNB,7,14913.913055555851,55483367.88723513,72.16562614698594,62.2,101.7413836589,3184.7595374304124,1624.6091410238,6055.736085832,3459.91369729255,1674.9533484399,4809.0245672627
2018,GNQ,10,9111.537222222112,9166029.467590185,23.692174346821428,14.0413043655,57.78,182.93328238201667,21.60737655,680,353.5872507176595,152.31019705885,1108.5559999999998
2018,GRC,314,318004.4675,90749536.23842451,23.402608123175046,11.802499999999998,51.0472977215,81.95747833692833,10,739.9722476672,254.63521359130013,35,771.8618770554
2018,GRL,22,26102.94833333323,15026688.676288174,30.75932595568771,12.1965338432,99.072924465,493.3094532554131,20.2025499232,5193.115042026,878.8659094020567,105.6442264877,5962.3850762997
2018,GTM,3,1050.0277777777783,3438337.192324724,79.175,77.3,79.8,2123,2109,2165,3104.9704166666666,2632.321,3579.36
2018,GUY,1,97.36666666666667,71778.00737996772,38.8810955073,38.8810955073,38.8810955073,186.3333278671,186.3333278671,186.3333278671,737.1928180072,737.1928180072,737.1928180072
2018,HKG,17,5780.0263888888885,1938623.9474467952,32.01952984887287,11.062598903725,45.08560273933333,393.6051673584149,8.430424627825,1586.2360784151667,392.1202253963072,104.0801476634,669.9143685861
2018,HND,4,14809.949722222405,14736453.566722006,47.53199910026635,34.138593303746156,57.1,643.84524535439175,534.0748668302249,716,997.4176654614121,831.1870313507153,1214.2155605619748
2018,HRV,191,208258.83111111107,77262356.41076912,22.943862461240073,11.9797042035,39.975,101.20731406585286,13.5233497284,945.3553072153001,387.571653605222,78.5897373779,1258.845
2018,HUN,1,1792.384166666666,777760.8629810828,28.47297390045,28.47297390045,28.47297390045,171.28026103265,171.28026103265,171.28026103265,433.92531436355,433.92531436355,433.92531436355
2018,IDN,9,7775.496666666737,2884490.9581072275,26.359029216026666,14.8673883457,39.10458140055,158.85070396163766,22.5985518777,455.6001247758,352.47811939114735,87.6681709721,703.0825369199
2018,IND,175,79295.33444444445,28822220.48744074,23.508361199453603,13.1391062691,39.9373719658,129.39300178571042,22.989172759,537.7508836606801,319.15955272976487,128.2147813139,1565.3037653406002
2018,IRL,252,331057.52166666667,135702981.8887246,26.98070410108246,6.43,127.60000000000001,272.5814481651702,1.64,1988,616.6529092023846,16.205,3460
2018,IRN,35,30161.525555555556,19206624.880305376,42.7045581552022,22.576950666633333,95.72142857,674.7803033867154,131.04047306326666,3296,707.0937887179708,371.1049318157667,1989.7017452101002
2018,ISL,859,409536.7900000018,453051111.838294,19.584681385456257,6.08,87.46353512948001,304.35523855361174,2.07,4558.5096128527,827.501364043206,20.4,9610.19297978954
2018,ISR,14,20736.15611111111,4025957.164350153,19.132838110463027,15.2316327413,21.435715717075002,45.669006642025856,21.8850654754,65.88115655527272,199.12695182748018,147.70511383252855,356.139544958925
2018,ITA,1376,2007985.545277778,593722167.5769407,21.966367153074355,11.585,81.21625,81.85831053630913,8,2137,317.76832628584816,59,3690
2018,JPN,1232,1479410.255,870666438.9346542,33.00527337943641,9.2600601472,77.69999999999999,230.7802401418422,2.7245599129749998,1884,644.1110231821215,78.62373775036667,3570.5102470083
2018,KAZ,1,1114.457777777778,468635.44568619743,21.6132089483,21.6132089483,21.6132089483,65.0702833466,65.0702833466,65.0702833466,420.5053390364,420.5053390364,420.5053390364
2018,KEN,5,5251.374444444451,2118180.607655017,35.351073518626,23.5080369735,41.71,452.484556022764,163.66235905046,580,483.725301634238,333.63262089556,549.9434236251
2018,KIR,12,9459.018611111094,26455143.283650003,71.0586164587178,61.2,94.5753613917,1895.647971351289,1350,6926.7257754581,2742.9338154727125,2494.7064090900003,3304.5
2018,KNA,4,1625.523611111111,1087804.8820782395,40.68297193240346,13.633708162657143,117.59971336803333,1356.980447655355,20.546714604357142,7001.999956786267,1347.4958239326563,211.45770138712857,5039.3959538414665
2018,KOR,2100,1526726.5652777883,825436756.8442824,30.36026993108058,8.4403280319,93.5,251.36106654646744,2.61002348945,3314,599.918571829763,68.3381537866,3730
2018,LBR,2,9325.73888888866,27751453.484163724,63.44083333333333,62.85666666666666,64.025,1921.5,1899,1944,2865.6313338138502,2308.029753097129,3423.2329145305716
2018,LBY,9,839.4700000000001,549475.6608071802,32.285466746663545,22.7393750947,39.27,190.75101485958646,127.94322775565001,276,690.4888349414458,352.8080134909,1012.4795086152
2018,LIE,1,71.04722222222222,7075.805866416843,10.1676198383,10.1676198383,10.1676198383,10.4629735174,10.4629735174,10.4629735174,99.5929980807,99.5929980807,99.5929980807
2018,LKA,89,105031.21777777778,36033991.09720966,21.43181136178179,17.5533174067,28.95562477495,57.58867331281255,27.629803226666667,106.4354441221,336.5657054434584,176.1754157065,658.8954175185
2018,LTU,27,23226.47249999993,38075874.57342292,38.60444214916957,11.349070270819999,138.33666666666667,994.1543614614437,10.1098401906,9499,1134.9522864570329,89.6986883422,9910.367
2018,LVA,59,52448.14944444435,17973083.113749918,31.058580481622307,17.56,104.5,300.9505703422053,27,4407,463.42015209125475,147,3864
2018,MAR,54,166831.22222222213,88654658.52189322,38.746639432486205,25.179977301327277,57.98226056406667,396.38825809899123,120.69285203628334,853.9718467148072,644.6763811632011,244.63340403117772,1266.474509
2018,MDG,11,21345.12250000005,9716173.106843024,25.293829436784375,20.051535912600002,37.0964610631,207.94131783362187,47.517198946949996,635.1060507248,446.4874639063281,250.35362382565,1313.7302851433
2018,MEX,25,26608.26499999997,77070962.5333165,68.93054845497193,20.96167359918,79.275,1499.168950863223,70.60159227152,2042,3012.568242494236,196.37030731124,4476
2018,MHL,11,12439.278055555564,19157332.036839105,67.99611372019334,29.595,75.22999999999999,1317.396364303332,172.95126918187142,2109,2419.238438811231,336,3606.42375
2018,MLT,36,18017.644444444442,5027425.817606573,21.58775790795378,13.516666666666667,35,87.24660255794683,14,300,326.0971147786217,117.41438969921667,600
2018,MNE,10,5617.583055555557,980149.6905616514,16.827924458558332,11.503257901,19.13461537965,26.96575683618333,7.5577856167,52.52763889915,174.13600890429723,104.8060532569,297.843849102
2018,MOZ,17,43697.50888888903,30728167.568623293,37.4358946229762,16.5433784413,61.15932719755,376.0667829182874,90.6018375574,846.88266576315,836.9885474383265,241.5285271086,1625.17921968205
2018,MRT,7,11995.451666666657,7380609.2091503255,42.8232471892451,22.213480887133333,68.2476567907,480.6754670783416,126.52161912986666,1147.9121771838,809.9779217921392,423.6297691146667,1673.6368427834
2018,MUS,32,47734.15166666667,21225772.351552,27.36128437078986,12.34,86.3666666675,339.6993174402767,14.5,2667,743.8500759447312,158.1829341533,3765.412945995682
2018,MYS,205,165817.32916666692,62037447.270382725,19.636153140715127,9.9186129681,37.50207888755,71.89987403872082,10.58170029755,310.1242328746,294.6025569457373,61.6750564463,925.1463173273
2018,NAM,59,146300.61222222264,187173735.12209982,48.077429836763,13.74179806175,154.5934339589,1278.017119825519,28.86504188465,17566.9927455904,1589.5904970961763,197.0950620924,7779.809991477633
2018,NCL,15,38559.05305555562,13619329.260844463,22.863888888888887,18,29,95.95382396848889,42.0088265902,136,357.4316666666667,246.18,530
2018,NGA,12,22490.624166666617,19914584.98409231,36.45190292247007,24.89503057576667,51.33422977563334,328.5822387687158,114.99538555193332,760.1114825975001,869.084727067888,563.1901095067,1442.5585624708501
2018,NIC,3,2192.214722222213,5690245.517899813,71.0890265465818,64.77228089769999,78.35,1656.1075965938785,1304.0163352603927,2024,2552.735927745208,2461.8,2806.9256401365
2018,NLD,456,652322.8086111121,446015389.8772138,32.12811974026287,8.5080470736,144.6,524.1738168641239,2,14055,821.0548352420477,61.489609505800004,10851.67
2018,NOR,2122,874074.283888889,824832238.0564162,25.370122544163152,6.7528264776,99.5,430.64125555696853,2.887053564,5500,868.3305735566943,33.1494430354,6000
2018,NRU,2,337.3105555555558,867502.2288355563,73.31,73.31,73.31,1742,1742,1742,2647.2928,2568.366,2963
2018,NZL,82,173743.89055555753,233079713.67324552,37.22571001981114,14.05,104.5,744.2392999584272,9,4407,1171.809134770688,151,5641.68266743864
2018,PAK,1,19.845833333333335,2808.4528956627687,11.8947299182,11.8947299182,11.8947299182,19.7704719781,19.7704719781,19.7704719781,141.5134778415,141.5134778415,141.5134778415
2018,PAN,20,13335.820277778219,14357995.831451155,76.77381564581086,26.7,255.39,1152.5801810859234,168,2284,2013.4192196159643,484.705,4038.77809786555
2018,PER,97,42255.47444444448,47030230.511949465,42.16194833166026,21.2743934792,97.25999429960768,553.9220714593234,64.67889653649999,3841.9176042963,1142.959528044808,268.83324746635003,6210
2018,PHL,18,10520.354444444436,26471281.64490353,66.928523076923085,54.92666666666667,71.79,1114.5923076923077,720,2012,2490.2648853526794,1939.1,3376.675333333333
2018,PLW,1,1302.0041666666668,1164576.1162278773,37.177675533566664,37.177675533566664,37.177675533566664,435.8361264647333,435.8361264647333,435.8361264647333,894.4488397524666,894.4488397524666,894.4488397524666
2018,PNG,30,35198.277777777716,87893747.74963745,72.84659659326043,28.008140783574998,89.21,1530.5208502873522,70.28301868265,2389.5,2689.0841657442193,1021.17318412385,3340.3340000000003
2018,POL,172,122489.91111111108,58385213.08613035,23.113985833744803,11.388892422716665,144.6,215.35410275044725,9.750219617183333,14055,441.01997512450316,96.575096531475,14502.967
2018,PRT,394,551730.1372222225,227530308.83238107,25.23186495743495,8.95,84.94,205.7948139352149,4.03,2820,415.36748788692483,44.721000000000004,2880
2018,PSE,2,4119.205555555556,1187363.3263971992,20.917323595200003,20.3514625936,21.4831845968,114.9581662915125,92.605406654125,137.3109259289,359.0110884173,264.8368917418,453.1852850928
2018,PYF,6,9982.717222222182,4768958.137220151,21.415071212323078,16.119999999999997,24.95,98.79580201815385,37,150,470.8717624692,246.18,783.3
2018,QAT,83,71459.3325,14993998.111267839,19.8357667567246,10.3755593918,41.7846249667,57.11315063720289,13.1711919521,142.8559386195,208.31418128563536,86.8149613525,383.00181420340004
2018,REU,6,723.7525,2829493.055555556,86.94105263157894,84.11,89,2522.842105263158,2319,2677.6666666666665,3884.2105263157896,3800,4000
2018,ROU,5,1985.3930555555553,1485554.5368976276,30.09545499227917,14.95,54.031819969116675,345.89711559098544,32.08,1108.5084623639418,642.7474838230771,210,1558.1399352923086
2018,RUS,663,1517763.5388889,3243878281.766434,60.14198008627195,8.0574909457,125.53,1754.0873419266616,4.2419964832,8210,2036.7802044866692,23.2738636541,7433.4558978798505
2018,SAU,7,1933.7530555555554,369462.3669191918,16.093408595025,14.62368961425,19.9300330542,28.441099160879546,11.8892493389,64.356468218575,327.18447712923637,155.9878289445,986.4118480324
2018,SEN,42,115957.13888888953,64247543.29602018,38.1607578306466,17.2721462496,78.8,505.7605000566495,90.47373248254,2201,985.5821744689404,254.62711601735,4500
2018,SGP,9,2324.4061111111114,366182.7215029737,15.905159687414743,11.0891006846,23.022469678866667,32.03653840890128,10.0497025728,87.28656175696666,165.49618431221796,104.4539196265,233.09849974956668
2018,SHN,1,1016.8366666666666,174618.402564057,14.500424166375,14.500424166375,14.500424166375,28.102255249850003,28.102255249850003,28.102255249850003,171.727090778975,171.727090778975,171.727090778975
2018,SLB,3,1441.0038888888914,3814337.293888896,70.83125,70.8,70.9,1408,1408,1408,2647,2647,2647
2018,SLV,7,4075.3775000000032,12283834.46567641,74.48776506033178,42.2068077319,91.9,1892.5310131405736,356.95839126116664,3005,3178.3022776088155,1027.2501926281,4940.4175000000005
2018,SPM,5,2339.1405555555584,1442699.5953130298,25.800958582565865,17.2411892476,35.5004089981,155.65420387121281,56.630845040266664,248.11970762993332,498.28216535877243,253.6078509627667,818.2450823323
2018,SRB,1,309.5858333333333,58377.61232749721,21.242310849,21.242310849,21.242310849,61.7769838026,61.7769838026,61.7769838026,188.5668077862,188.5668077862,188.5668077862
2018,SVN,8,5102.767777777778,858166.9739338752,15.739757730457955,12.32,18.6432950115,24.747955101722727,7.48,60.6800597411,156.94178706978863,114.5162079233,233.6595289374
2018,SWE,212,165748.2816666669,90229688.21771781,22.724611822007713,8.23656965755,63,206.47698613532506,3.62,1568,634.6256600631442,26.47,4800
2018,SYC,53,162302.06861111117,141740124.43807796,48.02262567463312,20.823641078375,106.5,628.297822025904,55.7096268545,4134,1135.3140579163144,259.3721177636,4176.65730690234
2018,TCA,1,1422.5172222222218,693495.0600925377,24.1340417611,24.1340417611,24.1340417611,134.96925551583334,134.96925551583334,134.96925551583334,487.51259335136666,487.51259335136666,487.51259335136666
2018,THA,19,7478.322667783611,1700589.2820701373,20.933389746072987,12.7849238081,27.9377667299,98.06229350303144,15.114788728528572,303.5002930261,275.4649738330546,79.345347646,419.4423640999
2018,TUN,10,2549.446388888889,1322039.420366684,27.141130109475,23.261902903133333,33.21267732255,129.0034546495361,56.5712015729,234.27631453905002,478.3356923624176,253.26297807045,671.13
2018,TUR,586,237166.5861111111,72027244.52460137,29.1528886765565,11.507133834,62,152.83105431565167,8,932,406.0667685721649,97.5553140187,2643.5065
2018,TUV,1,25.43472222222222,67661.46162074072,72.475,72.475,72.475,1294.5,1294.5,1294.5,2660.200533333333,2660.200533333333,2660.200533333333
2018,TWN,1557,3170431.420555559,2258333134.109523,34.34890520060113,7.55,76.69,279.9760912081597,9.110695498,1559.9735496463,734.4376510763021,52.22,4011.6657843497496
2018,TZA,1,65.86111111111111,11536.41516852624,17.125990580299998,17.125990580299998,17.125990580299998,46.31317188815,46.31317188815,46.31317188815,175.16277775915,175.16277775915,175.16277775915
2018,UKR,6,4314.213333333335,1811258.4826594824,33.6781508477352,25.70547923021429,42.5551181253,541.2906991364113,183.7465672486857,736.9900183315,465.9926573032434,331.1578429229857,659.0377590672
2018,UNK,460,542944.7258333332,269185552.1616202,27.84318902524395,9.9422178844,120,230.59330557521315,7.54577325915,7765,486.99392256454473,69.41656187635,5296
2018,URY,46,127421.71333333339,69424333.02090417,30.409815612030314,21.772978971466667,56.922144079325,253.8283658995008,109.46654644127857,1296.785012329475,530.9334717147846,283.07179216543335,1524.0896147027124
2018,USA,2380,1639413.1911111104,890609564.2497432,28.117033598573997,8.138989833333333,166,246.748449973765,2.44,5413,554.2755654841761,0.8983089973153846,3877.64
2018,VCT,5,15516.11305555548,20594897.644641936,50.8121521123073,17.441459639842858,120.99493107600833,1208.6593048766258,25.394206018785717,7126.930362416583,2164.934519258909,648.7388507338858,11352.777436279457
2018,VEN,21,8954.834722222233,12514394.377033023,46.43056595209059,20.8687949005,71.97500000000001,646.52803936752,64.5686128856,1433,1672.255956512489,281.0269641498,2982.8
2018,VNM,48,14575.026388888888,3334776.822033865,20.09134375094622,12.8317651856,42.257175582,76.19047054701723,25.022035125,384.85747675275,219.1041573272109,76.513572797,500.4914306297
2018,VUT,61,243561.99500000032,206860558.87989998,48.42764193156787,23.560000000000002,76.07,529.3562616095473,86,1217,1006.3120452145387,330.8751,2460.973334192643
2018,WSM,3,1031.2677777777776,3082728.6375630023,57.6223121565875,31.2966566937,85.2214234552,1295.3607259081,189.07130817945,2281.06910812435,2188.388980700619,307.89615983839997,4653.69109697205
2018,YEM,1,280.53972222222217,51487.25279626035,16.9748889954,16.9748889954,16.9748889954,120.5958299255,120.5958299255,120.5958299255,183.5292784509,183.5292784509,183.5292784509
2018,ZAF,255,389849.1538888911,252932577.82719952,27.35070845643764,11.6161890241,68.02290563335714,235.80624969054475,11.4117089677,2335.4857976054286,490.7641409249008,93.9483901195,3461.5365104494144
2018,NA,801,63935.6175,0,NaN,Inf,-Inf,NaN,Inf,-Inf,NaN,Inf,-Inf
2019,AGO,22,50139.71166666754,29062435.803893913,34.85772124678728,24.3454541049,60.72674856600001,525.2323412853182,178.5058703956,2638.8155210092,658.5794506967593,342.7379077561,1702.4535396689
2019,AIA,1,343.1155555555555,568848.4262307622,48.4120802224,48.4120802224,48.4120802224,858.7073403216333,858.7073403216333,858.7073403216333,1657.8916840704335,1657.8916840704335,1657.8916840704335
2019,ALB,17,21875.962222222224,6894917.036276896,20.963717800398655,15.5860536006,30.8413442129,83.6375897726329,26.825574877050002,451.8211859295,321.5837086924787,180.4918070896,578.640585163
2019,ARG,306,517291.0838888884,493762815.208341,41.90520903177902,16.387379918275002,87.22977505193572,477.5846871354089,29.8456828485,3767.638782541315,979.1641988274658,217.026587407775,3808.438365701315
2019,ATF,1,200.68055555555554,206144.73428912414,56.0546514272,56.0546514272,56.0546514272,837.3289298596,837.3289298596,837.3289298596,1027.228242011,1027.228242011,1027.228242011
2019,AUS,162,208021.13055555578,99588287.50873947,25.80335315075756,12.0519398292,68.1,188.93677292523452,11.36885545695,1906,485.9460946543275,155.5620603655,3775.6666666666665
2019,BEL,68,138113.14500000002,88002797.36539292,30.222376676927407,15.294033625725,40.11194854103846,233.15632365320025,3.6594321311,431.92752848142305,678.1898524813522,142,1200
2019,BGR,53,42121.19944444444,9333061.361768816,18.857841838838603,10.57,27.2,44.04705271982704,14,117.36,214.6619080634647,58.82,661.7
2019,BHR,78,27870.155555555553,8139275.984857923,18.956756700328214,8.8589537513,29.2440924454,64.95967524954547,2.7955889313,348.590225965,365.9548770136104,90.6182991377,1931.2610439261
2019,BLZ,15,10826.031666666631,18255230.578181017,69.82429242469811,20.4101195005,110.37955117944617,2921.6060747522083,62.31610683893333,9074.259315962821,2672.6432991829165,269.2412744656,8914.55905583715
2019,BRA,89,160670.7727777778,58898087.48122957,23.496012301891014,15.885528806699998,33.9711463165,128.9848467134046,43.3529748234,342.82252423932005,356.7573027757905,197.7980783651,689.5068283394
2019,CAN,567,347303.98361111386,300575579.1192094,22.307568999371334,9.3415953233,72.44904360269999,189.04469587443123,4.1773113741,3295.3478198133603,437.96432313041265,66.17952581951667,4089.4106885657666
2019,CHL,54,59335.924166670025,112207186.04949452,53.07008615956892,14.89,97.62,1251.7775714304494,31,4991,1978.0695347314115,130.49076855635,5587.23
2019,CHN,25205,13124453.643333333,4615753241.487705,25.852581661270992,8.0129061857,114.155,183.17984313173363,4.0413485312,9441.8965047879,313.5357267708469,19.8937110111,5296
2019,CIV,2,5207.554444444442,4047455.9552633977,48.62428571428571,43.519999999999996,55.43,632,536,760,973.2048826359052,745.7,1276.5447261504453
2019,CMR,1,957.6122222222224,661343.8642302247,44.319175365819994,44.319175365819994,44.319175365819994,484.26498009360006,484.26498009360006,484.26498009360006,690.6176100128702,690.6176100128702,690.6176100128702
2019,COK,11,36298.06472222219,19111182.90069434,30.16478996730489,22.1,65,220.0343618108089,70,1418,604.1646021566609,283.5,2134
2019,COL,7,7639.770000000003,18854901.47471844,59.089444444444446,40.845,71.32,1211.2592592592594,1009,1619,2448.301826286193,1044.4,3715.08
2019,CPV,2,253.83861111111136,147709.453090331,32.833542013809726,16.9405666799,37.3743921092125,438.20092926711527,28.95116007085,555.1294347517625,780.5577066623806,460.8848852112,871.892798505575
2019,CUW,8,3496.228888888883,8719467.729766456,104.28989583333333,38,246.27000000000004,2155.1041666666665,393,4428,3241.440881165197,948.40164222975,7768.3820284874755
2019,CXR,1,1936.7497222222228,794736.3399576823,25.7961758799,25.7961758799,25.7961758799,295.7311429766,295.7311429766,295.7311429766,410.3454002543,410.3454002543,410.3454002543
2019,CYM,1,22.698611111111116,23028.98362588498,20.96919526748,20.96919526748,20.96919526748,44.57968813908,44.57968813908,44.57968813908,1014.5547458016999,1014.5547458016999,1014.5547458016999
2019,CYP,27,40453.64222222374,52118386.75804697,28.353814010573263,12,64.025,440.462547908517,9.29,2058,729.047410937014,71.62,3474.47415949875
2019,DEU,220,182131.41805555564,137926679.81326866,29.055101412038024,9.287371025337501,140.8,454.27438194902595,5.823594861875,9082,688.5629934844678,66.5,8702.004
2019,DJI,1,516.4294444444445,881314.948787052,70.6152759479,70.6152759479,70.6152759479,1773.2932345844,1773.2932345844,1773.2932345844,1706.5544156475,1706.5544156475,1706.5544156475
2019,DNK,461,584499.4583333347,350574187.5057737,25.963628195504114,7.9153152571,90.45,355.5948978346767,2.0597018518,4673,725.9633051682695,50,7700
2019,DZA,4,260.2988888888889,203839.89013216668,33.98888888888889,25.1,40,181.33333333333334,95,312,752.1627333333333,671.13,953.0046
2019,ECU,23,11953.605833333366,26360993.657432638,60.50544147938533,20.5997914602,115.78999999999999,1265.2778258481972,37.8225589285,4401,2326.4527195929027,371.42494418773333,5740.289076897956
2019,EGY,1,420.62027777777803,255943.73756933355,29,29,29,168,168,168,608.4912,608.4912,608.4912
2019,ESP,1592,2066436.6922222232,801957450.0190545,26.619152611701455,8.6,108.85238096666667,215.75537492934913,1.81,4406,401.50203559802515,17.6122034115,34525.05333333333
2019,EST,26,34767.32694444442,19354936.564920496,29.61134754263617,19.99,73.8,258.6889883623106,99,1602,426.43910312018085,216,1472
2019,FIN,31,45948.46666666668,41025512.05761981,32.628610454296904,14.945,41.09,306.98490721383405,28.5,526,861.6255696980555,150,1600
2019,FJI,37,166377.65194444524,65576617.51055966,35.04676988904259,24.265,42.6,175.74814978843247,101,264,389.02157076535076,206.0628125,759.0468960000001
2019,FLK,6,14740.666944444918,28533563.05024492,66.45019686058616,49.062634721799995,81.10947461845714,1850.5574238670465,873.368459810957,3276.3065080018573,2060.8766595409247,1271.1164479081929,3062.970622989178
2019,FRA,969,1610983.7269444445,706190365.3957623,21.697897072862368,7.5,90.56,173.30483144502904,2.03,3188,447.92234662820346,52,4000
2019,FRO,91,263966.95000000077,327358567.5183631,46.04645035274749,8.860658920999999,93.53457010854444,1037.3049899796224,4.1173029537,4714.445870278056,2007.567874813727,71.01672777356,7624.715116835633
2019,FSM,20,43532.993333333616,33233678.767649714,55.66763607449575,21.36,78.96,1005.4995539477825,94,1788,1910.413117163969,190.23810869575001,2804.525
2019,GBR,964,1225039.9155555568,494679002.91158694,22.430004567404506,5.85,113.97,220.20813644203986,1.18,5579,547.412405261886,18.3,9606.0910841377
2019,GEO,23,12350.787500000008,36047983.91475943,78.87038851652285,12.698813512366666,104.5,3090.936576319701,18.173524454800003,4407,3060.2823166199278,117.38354455143333,9116.3479103719
2019,GHA,17,18602.09083333333,19374421.86472386,51.83299924605416,27.049498670055556,70.5,633.3343282298813,164.5725236369143,1403.21183608555,1146.6899625547983,315.48502496235557,2734.323764253843
2019,GIN,3,7772.529444444529,9068865.126393203,57.072767822578406,39.095434145149994,73.3023988041,900.5064522702784,409.6906452942,2140.8655626310624,1339.7862608685284,720.2649340154501,2142.5352474490624
2019,GNB,6,13234.10277777796,32567879.0138727,69.054912317996,46.617026613899995,101.7413836589,2710.463530430448,858.33008692935,6055.736085832,2820.591922446586,1106.626597481,4809.0245672627
2019,GNQ,3,5684.111388888846,6260471.652245083,46.092979639475004,18.1969185579,57.78,504.50359171415,52.0143668566,680,850.7765257164749,227.5886483205,1108.5559999999998
2019,GRC,293,291425.51138888893,80543541.63529705,23.58517209870907,12.600676960200001,51.0472977215,84.12424202077159,10,739.9722476672,249.32542987534063,35,771.8618770554
2019,GRL,17,20907.76250000006,8816198.483314797,22.94111458453475,12.1965338432,29.5863774235,131.1118933944714,20.2025499232,264.54544617024,348.863854278607,105.6442264877,563.3412814455091
2019,GTM,2,926.6294444444454,3032422.68728417,79.8,79.8,79.8,2109,2109,2109,3263.6803333333332,2632.321,3579.36
2019,HKG,8,3153.731388888889,1004195.6244584941,29.762847351038022,11.062598903725,45.08560273933333,479.106781220213,8.430424627825,1586.2360784151667,386.36092118121564,104.0801476634,693.3764517781833
2019,HND,3,9387.435833333448,9089700.994270066,44.41762047848996,34.138593303746156,57.1,617.3235165683498,534.0748668302249,716,968.5070762183152,831.1870313507153,1214.2155605619748
2019,HRV,184,208574.93694444434,94462623.26862076,23.728347495733548,11.9797042035,63.85,136.99671213202237,13.5233497284,2427,436.25146669131937,74.4178416842,3320.6632504038334
2019,HUN,1,2778.254999999999,1205555.1742571043,28.47297390045,28.47297390045,28.47297390045,171.28026103265,171.28026103265,171.28026103265,433.92531436355,433.92531436355,433.92531436355
2019,IDN,6,7169.044999999998,2949846.018859385,26.79599338648436,16.6492004468,39.10458140055,149.9935506152472,22.5985518777,455.6001247758,339.18578330251336,188.466308868,703.0825369199
2019,IND,95,39585.30722222222,13335364.20731751,23.022923072589872,13.1391062691,39.9373719658,142.59346974851138,29.7025661435,948.2865232638,322.79089447435564,128.2147813139,1565.3037653406002
2019,IRL,233,296566.33805555553,126887372.10671449,26.794627866927502,7.37635502095,127.60000000000001,257.8210976161988,2.75,1988,580.9148547357962,16.205,3460
2019,IRN,12,8049.606944444445,6081714.014420873,46.91114025175293,25.46603306845,70.5,820.3824527471986,163.5191339607,2282.5434074613995,852.0339498915904,645.44679384245,1276.3519899480832
2019,ISL,852,401773.9575000031,439679975.9324827,19.363468822597028,6.15,87.46353512948001,309.93996010788464,2.34763304704,4558.5096128527,811.4138193643523,26.44,9610.19297978954
2019,ISR,9,15680.683333333332,2928290.865752968,18.326014434287664,15.2316327413,20.481832034408335,41.430700991893545,21.8850654754,65.88115655527272,176.08251870775413,147.70511383252855,246.70345192945453
2019,ITA,1330,1973242.2363888891,586257772.8795931,21.92225132089202,11.585,81.21625,81.30618924272143,8,2137,317.1481503888285,59,3690
2019,JPN,1139,1301188.2197222246,699017625.3282683,31.094299038452732,9.2600601472,76.75,206.3680301676524,2.7245599129749998,1884,580.4879951654467,71.81186320696666,3570.5102470083
2019,KEN,4,6835.187499999956,3165371.5994902467,35.37240758193846,23.5080369735,41.71,442.7914171527015,163.66235905046,580,437.40942596110153,333.63262089556,549.9434236251
2019,KIR,6,2994.3563888888734,8017952.567912836,71.12112653637725,61.2,94.5753613917,2032.1935456920087,1350,6926.7257754581,2689.859566827809,2647.5008,2885.6830185198
2019,KNA,3,2191.193055555556,773061.6131747313,24.526267754382143,13.633708162657143,54.7345322069,124.92671019886546,20.546714604357142,535.2420825413,619.253912990787,211.45770138712857,2264.4693975389
2019,KOR,1846,1564783.9619444478,728894027.7243835,28.7730325398196,8.8618858856,117.03,205.6765895525363,4.07964597865,7765,510.2633418307935,74.6330150026,5995
2019,LBR,1,4866.316388888907,16658534.434964059,64.025,64.025,64.025,1944,1944,1944,3423.2329145305716,3423.2329145305716,3423.2329145305716
2019,LBY,8,1201.5325,668064.0475884881,30.81814206522143,22.7393750947,39.27,172.7749199527762,127.94322775565001,276,585.4516131892715,352.8080134909,1012.4795086152
2019,LIE,1,83.2952777777778,8295.626439853597,10.1676198383,10.1676198383,10.1676198383,10.4629735174,10.4629735174,10.4629735174,99.5929980807,99.5929980807,99.5929980807
2019,LKA,64,94795.09055555555,30268217.84233577,21.17319808694707,17.934771476799998,27.7046348391,56.38499402170778,27.629803226666667,104.01697723340001,328.36721311321566,176.1754157065,604.3260597296501
2019,LTU,26,18122.243333333583,23943805.07389549,40.919069825455395,11.349070270819999,138.33666666666667,974.3644583865823,10.1098401906,9499,1207.8561299295948,89.6986883422,9910.367
2019,LVA,51,33346.90416666667,13192578.806388885,30.631439393939395,17.56,104.5,360.3238636363636,27,4407,518.8011363636364,147,3864
2019,MAR,52,164862.98638888882,88375605.41431884,37.73222710999897,25.179977301327277,57.98226056406667,371.31166243599347,120,853.9718467148072,636.5452536347317,244.63340403117772,1266.474509
2019,MDG,9,23892.480833333335,15126056.448841669,25.729837048885713,20.051535912600002,37.0964610631,202.25861446145356,47.517198946949996,635.1060507248,508.32073535955357,250.35362382565,1313.7302851433
2019,MEX,22,22252.42138888891,64101171.938006006,70.06073139552392,21.913442414733332,80.92,1545.234907016057,88.27126232266667,2042,3087.8203763905585,281.9997076949333,4476
2019,MHL,3,2749.9594444444447,2503386.747495326,46.209407233875,23.9753169645,66.6660925926,621.4304286898013,53.9086580985,1152,1334.1330895701299,242.2373987718,2387.1
2019,MLT,35,17461.781944444454,5349772.644434372,21.519868379048624,13.516666666666667,35,87.49220673446419,14,300,335.0238363457632,117.41438969921667,600
2019,MNE,10,9157.883888888913,1595677.697741174,16.609127218826316,11.503257901,19.13461537965,25.34930100490263,7.5577856167,52.52763889915,168.37210152144473,104.8060532569,297.843849102
2019,MOZ,13,42490.456111111234,26115074.793136127,32.367369065636616,16.5433784413,51.351156472149995,304.0189466617321,90.6018375574,816.8080376862999,675.1784444452965,241.5285271086,1398.7278368754
2019,MRT,5,13192.25138888887,10491384.32943302,48.75396468593763,33.15313372618,68.2476567907,603.7272481603158,251.48782682110001,1147.9121771838,957.4869310388385,496.71909535932,1673.6368427834
2019,MUS,23,34283.19305555556,14663881.815126952,24.92527772176267,12.34,85.08888889,256.62742997246136,14.5,2667,621.3915413519684,158.1829341533,3739.988392617333
2019,MYS,143,176174.72638888904,56692674.39864117,18.747920147093687,10.28692084795,36.85,60.22255275897825,10.58170029755,239.2841112839,270.1834358350756,67.3399072571,798.4329889256
2019,NAM,60,160834.61916666667,157835794.47666213,47.652163157378304,13.74179806175,154.5934339589,1292.7884887139428,5.3554987229,17566.9927455904,1547.1583469810926,197.0950620924,7779.809991477633
2019,NCL,13,33947.38638888898,11751093.919644475,21.913513513513514,18,29,90.63939655542703,53.6644181377,136,344.53297297297297,246.18,530
2019,NGA,12,19748.63888888879,18742123.62937277,41.86211799573162,24.89503057576667,63.8404407787,455.54169915448495,114.99538555193332,1026.113410785825,915.4840668331093,563.1901095067,1442.5585624708501
2019,NIC,3,1359.0905555555578,3745810.5633275276,70.04280369069333,64.77228089769999,78.35,1671.4508139597385,1304.0163352603927,2024,2649.0654146661313,2461.8,2806.9256401365
2019,NLD,440,548828.3691666672,392792290.77277976,32.28444824356889,8.5080470736,137.16,480.9880656964194,4.2410368009,9494,813.4640450986437,76,7059.648
2019,NOR,2155,917581.822222223,898521141.4042419,23.805045136182763,7.868356400679999,80.5430056158,382.26134655200025,2.887053564,3896.22697038815,777.9724272063248,32.472285524,5175.528064535927
2019,NZL,66,142165.5250000012,140074310.81231496,31.705444229538045,14.05,104.5,581.8132608257122,9,4706,899.4377691472473,151,5537.862516842043
2019,PAN,16,13452.432500000463,16308644.52565571,89.82351438999116,30.375,255.39,1441.3503159409568,179,2284,2427.7084678476663,484.705,4038.77809786555
2019,PER,76,21690.83472222223,21485028.11429404,41.08468569813038,22.580657190399997,67.5918320634,534.4639452382552,101.75283267575,1714,1142.0280505668604,315.39732086897504,6210
2019,PHL,9,2403.1880555555617,5599383.749991227,65.15559523809524,56.82,71.79,1054.25,782,1180,2318.8250651098215,1939.3428571433333,2684.866666666667
2019,PLW,1,721.1763888888881,645055.3842985396,37.177675533566664,37.177675533566664,37.177675533566664,435.8361264647333,435.8361264647333,435.8361264647333,894.4488397524666,894.4488397524666,894.4488397524666
2019,PNG,18,16659.2561111113,35057150.078916125,69.04557015404315,28.008140783574998,89.21,1292.192119342284,70.28301868265,2386,2442.4087926737893,1021.17318412385,3340.3340000000003
2019,POL,150,109159.76833333333,76308944.23647413,24.983465025019225,11.388892422716665,144.6,407.78937295985787,9.750219617183333,14055,647.4173603155878,122.78506867165001,14502.967
2019,PRT,377,498432.5308333332,213173065.60500914,24.164062111727564,8.95,80.35,181.8672138222946,4.03,2820,386.5722012845527,44.721000000000004,2880
2019,PSE,1,433.7997222222223,196591.65078845524,21.4831845968,21.4831845968,21.4831845968,137.3109259289,137.3109259289,137.3109259289,453.1852850928,453.1852850928,453.1852850928
2019,PYF,6,17604.595000000034,8603797.704513729,23.19922838744615,16.119999999999997,32.0970216383,114.80057448092307,37,202.03102100799998,510.223270315482,246.18,783.3
2019,QAT,42,40322.33222222222,7591016.575132069,19.395434843138233,12.729604200228572,26.200306036900002,54.403427031307004,13.1711919521,141.6774249029,201.7446081305711,102.2412351622,375.3709515561333
2019,REU,4,683.5341666666668,2644891.833333334,87.16625,84.11,89,2538.9166666666665,2319,2677.6666666666665,3875,3800,4000
2019,ROU,5,2588.871388888888,1879353.5892427848,42.40616998014644,14.95,54.031819969116675,742.6954400911054,32.08,1108.5084623639418,1114.811386973627,210,1558.1399352923086
2019,RUS,611,1443160.6436111252,2992443318.0663652,60.970292598853874,8.0574909457,125.53,1818.0256800729821,4.2419964832,8210,2037.6359887092026,23.2738636541,7829.85
2019,SAU,4,2172.7949999999996,383293.5852061844,15.99177926739643,14.62368961425,17.3261052199,33.147082208325,16.55525386885,64.356468218575,284.1865658152714,155.9878289445,468.12777300295
2019,SEN,33,125318.02472222288,62726115.0636884,36.62935746953896,17.2721462496,77.55,446.52233712471303,90.47373248254,2107,834.0927154613942,254.62711601735,3243.795
2019,SGP,6,2831.124444444446,464269.2993593736,15.292109874269444,13.265714940899999,18.59803431345,27.96383274184259,13.70826088075,40.837783302266665,192.31924277005555,104.4539196265,312.9523162407
2019,SHN,1,864.7397222222223,148499.2367782412,14.500424166375,14.500424166375,14.500424166375,28.102255249850003,28.102255249850003,28.102255249850003,171.727090778975,171.727090778975,171.727090778975
2019,SLB,2,1377.3986111111155,3645974.123611123,70.8,70.8,70.8,1408,1408,1408,2647,2647,2647
2019,SLV,4,2717.5605555555544,8429176.573111061,78.8736559139785,76.78,91.9,2124.0967741935483,1902,3005,3320.94402688172,2993.2163333333333,4940.4175000000005
2019,SOM,2,643.5386111111117,1418935.8338888902,58.545,55.8,59.46,748.75,703,764,2114,1838,2206
2019,SPM,3,2207.22027777778,1511429.1861378218,29.88157027942,19.0523160581,35.5004089981,176.10375864266,56.630845040266664,248.11970762993332,610.92654222161,253.6078509627667,818.2450823323
2019,SRB,1,601.5722222222221,113436.55359729496,21.242310849,21.242310849,21.242310849,61.7769838026,61.7769838026,61.7769838026,188.5668077862,188.5668077862,188.5668077862
2019,SVN,8,5685.208333333333,916348.3164144019,15.677551238998864,12.32,18.6432950115,23.379261379518184,7.48,60.6800597411,154.59998666212954,114.5162079233,233.6595289374
2019,SWE,193,158691.44805555575,87536461.66350797,23.362039417268036,8.0715768967,63,217.36684439833869,3.1764390224,1568,640.8852849366854,36.76,4800
2019,SYC,50,138699.98472222214,126814063.01009485,49.634541213440954,20.823641078375,106.5,728.5798584631469,58.055542461875,4134,1260.067370649311,286.622852237075,4385.437005282328
2019,TCA,1,289.3080555555556,141041.32044133014,24.1340417611,24.1340417611,24.1340417611,134.96925551583334,134.96925551583334,134.96925551583334,487.51259335136666,487.51259335136666,487.51259335136666
2019,THA,13,18602.052777777782,5133826.526698928,20.141522940487036,12.7849238081,27.9377667299,98.98136847301852,16.4094639452,303.5002930261,237.54826302493797,79.345347646,408.488810936
2019,TON,1,2.4622222222222225,3023.441913676443,38.67434438883333,38.67434438883333,38.67434438883333,310.9416958955333,310.9416958955333,310.9416958955333,1227.9321851574,1227.9321851574,1227.9321851574
2019,TUN,9,4595.534166666667,2561107.549820715,27.63452479930354,23.261902903133333,33.21267732255,138.53662016408978,94,234.27631453905002,488.4951538798011,253.26297807045,671.13
2019,TUR,488,225559.90111111116,74645393.28580955,30.076760353769288,12.214544704,62,169.79732589230295,8,932,473.5070647944344,97.5553140187,2643.5065
2019,TWN,1353,3063729.0375000047,2119106750.5059106,33.506906324910126,7.55,76.69,251.86843081464102,9.110695498,1484,695.5861329375997,52.22,4011.6657843497496
2019,TZA,1,1988.2786111111134,2024833.1809040988,56.18,56.18,56.18,493,493,493,1018.3850339629,1018.3850339629,1018.3850339629
2019,UKR,7,7897.937500000015,3609136.563233265,37.565735715131865,19.88594839745,56.7,601.9944508981747,83.41690319790001,943,573.63107937888,241.67338130094998,1030
2019,UNK,294,371151.01083333336,170696602.56759045,26.750947043223853,9.9422178844,120,213.73909586733376,10.57575708675,7765,473.5152159856909,81.8809826467,5296
2019,URY,48,129061.25777777743,69712749.62356566,30.054862284626314,21.772978971466667,56.922144079325,251.99039766415564,109.46654644127857,1296.785012329475,542.2357382888835,283.07179216543335,1817.3813657636713
2019,USA,2064,1453681.8727777766,734553587.7515005,27.553762127754837,8.138989833333333,166,229.9344447618713,2.44,5413,507.60595122851714,0.8983089973153846,3952.21
2019,VCT,3,14827.51388888886,16051180.172850512,43.07755761361905,37.551983786,56,459.5848562226032,277.79159562423337,1021,1028.6157605925355,688.1281029698333,1897.8335005492359
2019,VEN,19,11384.925277777787,12260858.501130713,47.60436371441435,20.8687949005,85.93333333333332,735.2488542724861,64.5686128856,2860,1853.9134274266341,343.0506923089,5827.141953333334
2019,VNM,39,19878.313055555554,4680744.888458548,20.67675857965658,15.51881390825,42.257175582,82.52948621814562,25.022035125,384.85747675275,254.37849742816184,119.9958296532,795.42217853175
2019,VUT,54,202140.47166666598,176681579.0545147,48.31088046610961,23.560000000000002,76.07,513.4709943530522,86,1217,985.3042861389653,330.8751,2460.973334192643
2019,YEM,1,1521.4827777777775,279236.63638102653,16.9748889954,16.9748889954,16.9748889954,120.5958299255,120.5958299255,120.5958299255,183.5292784509,183.5292784509,183.5292784509
2019,ZAF,214,355467.678333339,220197858.17856446,27.46849732435321,12.2,60.059347210971424,232.92888292783408,21.44969960985,1601.5362080663667,486.92429698187783,137.1398205369778,1807.9003221301427
2019,NA,6066,2550450.4436111134,0,NaN,Inf,-Inf,NaN,Inf,-Inf,NaN,Inf,-Inf
